Name,Season,Team,ip,era,fip,war,split,xra9_lin,xra9_rf,xra9_xgb,xWAR_lin,xWAR_rf,xWAR_xgb
Corbin Burnes,2021,MIL,167.0,2.43,1.63,7.5,test,1.325473793715175,2.4246975238095287,2.5235837,6.952004393608428,4.7837580435837435,4.300231260549244
Zack Wheeler,2021,PHI,213.1,2.78,2.59,7.2,test,2.6243410642284806,2.710551375764449,2.7859347,6.056003941238603,5.562053385375651,5.069885387716934
Max Scherzer,2021,2 Tms,179.1,2.46,2.97,5.4,test,2.6490787425365507,3.3396850483797227,3.3145444,5.044710781786922,3.671606308301073,3.554127839350528
Gerrit Cole,2021,NYY,181.1,3.23,2.92,5.2,train,2.6961025139329884,3.3761199403455695,3.313343,5.014432516331529,3.6538703332743085,3.5954410390831044
Julio Urías,2021,LAD,185.2,2.96,3.13,5.0,train,2.776266039928407,2.9188031179209273,2.9419377,4.97696181359194,4.490521911438492,4.190400361570507
Walker Buehler,2021,LAD,207.2,2.47,3.16,5.6,train,3.1268677204844577,2.887896122920378,2.6946464,4.829342860374986,5.080959090351499,5.070741531711928
Nathan Eovaldi,2021,BOS,182.1,3.75,2.79,5.7,train,3.0673557515858034,3.4302532586931855,3.6130433,4.354540456674198,3.586296241294067,3.2078206580724715
Carlos Rodón,2021,CHW,132.2,2.37,2.65,5.0,train,2.29209099393373,2.615103968661107,2.4044192,4.203663919862016,3.5628318973827597,3.521755057407207
Kevin Gausman,2021,SFG,192.0,2.81,3.0,4.8,train,3.299831068164216,2.971658621293584,2.908267,4.137314017742335,4.565063961695721,4.392527126199415
Charlie Morton,2021,ATL,185.2,3.34,3.18,4.5,train,3.2405313543547907,3.2641750995675785,3.1819513,4.102480020303879,3.9211435213249466,3.858521662789024
Sandy Alcantara,2021,MIA,205.2,3.19,3.42,4.3,train,3.473946015228165,3.2384560074695363,3.2149723,4.058377751740261,4.391572374693701,4.224618074228203
Aaron Nola,2021,PHI,180.2,4.63,3.37,4.4,train,3.229093488774594,4.07799234045679,4.4410825,4.012684432493356,2.5098481717496863,2.060291752606005
Freddy Peralta,2021,MIL,142.1,2.85,3.14,3.9,test,2.79819226460266,2.735032636518717,2.9390657,3.787027894816253,3.6779384972495093,3.2182516470640805
Chris Bassitt,2021,OAK,157.1,3.15,3.34,3.3,train,3.05714691314813,3.0631793349954806,3.0352116,3.7730293504197028,3.6072807092736543,3.4451944729482875
Lance McCullers Jr.,2021,HOU,162.1,3.16,3.52,3.2,test,3.139863824937155,3.6205786860688347,3.3282166,3.7567423946862646,2.9177811701606156,3.2002263638978214
Lance Lynn,2021,CHW,157.0,2.69,3.32,4.3,train,3.119138935807551,2.738947017814139,2.7332604,3.6716404834908896,4.058120834130347,3.7969490324207604
Logan Webb,2021,SFG,147.1,3.05,2.73,4.0,train,3.0012709380181493,3.1327822958449896,2.961783,3.616457182100189,3.2865229658946773,3.306540610528835
Trevor Rogers,2021,MIA,133.0,2.64,2.55,4.3,test,2.754808527438062,2.7664357505827524,3.074777,3.6031931973106417,3.4052265286837473,2.8773939667410957
Brandon Woodruff,2021,MIL,179.1,2.56,2.96,4.7,train,3.476267226261462,3.012938952204892,2.720303,3.5379523986852512,4.192535732344298,4.348750641714964
Max Fried,2021,ATL,165.2,3.04,3.31,3.7,train,3.336849403009966,3.180497358043967,3.0945654,3.497616787721049,3.6207470902776806,3.5496185640054487
Robbie Ray,2021,TOR,193.1,2.84,3.69,3.9,train,3.69688873078843,3.0651654628543343,2.9095538,3.381224245997197,4.430487377301985,4.41583750344256
Adam Wainwright,2021,STL,206.1,3.05,3.66,3.9,train,3.8122799109850707,3.233252757117946,3.1485105,3.3669803887194676,4.4203797489029935,4.345418134982368
Frankie Montas,2021,OAK,187.0,3.37,3.37,4.0,train,3.6659362655023386,3.4618304917074028,3.3799665,3.33328003189889,3.63023332805488,3.619556868618791
José Berríos,2021,2 Tms,192.0,3.52,3.47,4.0,test,3.7261164305800607,3.9331168683766733,3.8168776,3.3048888541914603,2.9218105104961722,3.0900156283630027
Yu Darvish,2021,SDP,166.1,4.22,3.9,2.8,train,3.4847609631872496,4.101320648564242,4.2580757,3.2668009190574585,2.2789690184321922,2.126036126914543
Kyle Gibson,2021,2 Tms,177.2,3.5,3.78,3.2,train,3.6638143042548883,3.5471257874097613,3.5002694,3.1624190044722456,3.305442624875088,3.270705751568689
Dylan Cease,2021,CHW,165.2,3.91,3.41,4.5,train,3.5402601230551047,3.756017417432488,3.8990707,3.1558519085319143,2.774409942329509,2.557321914619375
Luis Castillo,2021,CIN,187.2,3.98,3.75,3.9,test,3.772160476714973,4.043763790143094,4.0053396,3.1346023113203194,2.664383436881689,2.7493552547712032
Anthony DeSclafani,2021,SFG,167.2,3.17,3.62,3.0,test,3.5984217130951954,3.530314620905432,3.4868076,3.0951538382331525,3.143926366381527,3.10293384577862
Tyler Mahle,2021,CIN,180.0,3.75,3.8,3.9,test,3.7449006274490824,3.871765712455442,3.8393033,3.063945160701908,2.837500665585739,2.866751256538903
Eduardo Rodriguez,2021,BOS,156.2,4.77,3.34,3.9,train,3.525680083154646,4.151178585630804,4.426886,3.0070853163740012,2.073811691041608,1.8024473138594401
Clayton Kershaw,2021,LAD,121.2,3.55,3.0,3.4,train,3.067666100870781,3.479590309732867,3.4719763,2.8978618319394767,2.333696291719184,2.2626768628139264
Jordan Montgomery,2021,NYY,157.1,3.83,3.69,3.2,train,3.7196214209457024,3.858161323595882,3.8230479,2.7145341154286315,2.4955326765733976,2.521103503871478
Sean Manaea,2021,OAK,179.1,3.91,3.66,3.3,train,3.9453794515071463,4.001778327045116,3.9903493,2.683444880856365,2.6160347977128997,2.6504379181496174
Chris Flexen,2021,SEA,179.2,3.61,3.89,3.0,train,3.958140138931012,3.7100976840976827,3.716743,2.6616860714594095,3.0827798723874897,3.0179898954443956
Shohei Ohtani,2021,LAA,130.1,3.18,3.52,3.0,test,3.446983010897629,3.738003613878518,3.664049,2.608751848926747,2.2057937851291167,2.2422590170923917
Luis Garcia,2021,HOU,149.1,3.56,3.62,3.0,train,3.711527513333829,3.6481668527240347,3.5975146,2.5885757628567787,2.647166471155692,2.6437890558223494
Marcus Stroman,2021,NYM,179.0,3.02,3.49,3.5,test,4.031575310948313,3.4116632243798106,3.4797163,2.5250248931828776,3.5548659571684813,3.3313980124811375
Joe Musgrove,2021,SDP,176.1,3.27,3.73,3.2,train,4.011010587631825,3.577798742551325,3.5135193,2.5209487090160496,3.236840919566796,3.232981250413454
Alek Manoah,2021,TOR,111.2,3.22,3.8,2.0,test,3.278088054884887,2.771298189043402,3.0811002,2.4207849088155107,2.842263439820758,2.400511038428822
Lucas Giolito,2021,CHW,178.2,3.53,3.79,4.1,train,4.083163815484077,3.861775501905389,3.6176398,2.4202414634965184,2.8249729573574056,3.1330038514450376
Antonio Senzatela,2021,COL,156.2,4.42,3.61,3.5,test,3.89979581745168,4.184698751220996,3.846473,2.4127513452820617,2.0272037325759378,2.479341500379702
Alex Wood,2021,SFG,138.2,3.83,3.48,2.5,train,3.7659196892836153,3.595149936781135,3.7132478,2.322885304178531,2.5188667694940006,2.331096464528466
Steven Matz,2021,TOR,150.2,3.82,3.79,2.7,train,3.9397001748625726,3.866783885803144,3.964181,2.2591136017078046,2.3743975438999203,2.2521029706430733
Jon Gray,2021,COL,149.0,4.59,4.22,2.3,train,3.9648395039051083,4.326846878407297,4.4060116,2.202968396277408,1.7452216704934291,1.7425862373708958
Pablo López,2021,MIA,102.2,3.07,3.29,2.3,train,3.3625869629153753,3.230298347306961,3.099913,2.1370275345587593,2.194647078258367,2.1918700608956394
Mike Minor,2021,KCR,158.2,5.05,4.29,2.3,train,4.092509854421891,4.579359490493165,4.78749,2.1335718565258293,1.4973797535754128,1.3995949404969474
Nick Pivetta,2021,BOS,154.0,4.56,4.3,2.2,train,4.06729195767116,4.4438270415509775,4.5093536,2.116426176628741,1.64342254067406,1.6822393258527881
Rich Hill,2021,2 Tms,155.2,3.76,4.36,1.7,train,4.091147364637683,3.8531834899166046,3.8416715,2.0952628572086485,2.472228281061721,2.46903244507424
Sonny Gray,2021,CIN,135.1,4.19,3.99,2.5,train,3.9057652210000278,4.027807510670672,4.11694,2.0786269182306616,1.9420429778545674,1.871606535940841
Hyun Jin Ryu,2021,TOR,169.0,4.37,4.02,2.5,train,4.210838085774792,4.268140751393037,4.385133,2.0758417086203553,2.0677963528554764,2.0028352126449134
Germán Márquez,2021,COL,180.0,4.4,3.86,3.4,test,4.330141389945104,3.9990586993463046,4.0441446,1.9925476729739164,2.6335383764114777,2.5914597993718087
Jameson Taillon,2021,NYY,144.1,4.3,4.43,1.9,train,4.105869275460778,4.207424198837228,4.191846,1.9238323228131358,1.841016101275518,1.9156977187578568
Tyler Anderson,2021,2 Tms,167.0,4.53,4.37,2.1,train,4.299011591660698,4.290107521702185,4.3978,1.9015147414060791,2.0106699474227283,1.96333877365827
Wade Miley,2021,CIN,163.0,3.37,3.97,3.0,train,4.282633840130084,3.647114601035392,3.5189223,1.8831204533722663,2.89547806585824,2.985905730092053
Cal Quantrill,2021,CLE,121.0,3.12,4.05,1.8,train,3.9111738255965607,3.4770695442590136,3.3762248,1.8550305682049073,2.3325604382339034,2.3454465590368385
Merrill Kelly,2021,ARI,158.0,4.44,4.11,2.2,train,4.284118577005525,4.33772737018971,4.4458823,1.8229701338468978,1.835334676567268,1.8008089071967326
Taijuan Walker,2021,NYM,154.1,4.43,4.67,1.3,train,4.257646326656038,4.586052053759412,4.5346093,1.8194621599272385,1.4493922837723765,1.654273787183828
Logan Gilbert,2021,SEA,119.1,4.68,3.73,2.2,test,3.9443188043899964,3.554612738963354,3.2383204,1.7857531438458714,2.213722756096512,2.431246024459273
Brady Singer,2021,KCR,128.1,4.91,4.04,2.1,train,4.071947684636379,4.641195440174616,4.695944,1.7544160845718246,1.1419680615608998,1.2208574195883293
James Kaprielian,2021,OAK,111.1,3.8,4.31,1.2,train,3.963757295451601,3.953293202423484,3.7519872,1.6438388692827202,1.6707395123300972,1.8418512690150952
Blake Snell,2021,SDP,128.2,4.2,3.82,2.1,test,4.172136622046105,3.7934942778425613,3.4157495,1.6251531195144289,2.1102542175074768,2.447178244436532
John Means,2021,BAL,146.2,3.62,4.62,2.5,train,4.341759400343654,3.9437348554678473,3.668849,1.6011163147157903,2.211018412062135,2.51450112030105
Adrian Houser,2021,MIL,135.1,3.33,4.34,1.5,train,4.272053151174085,3.683417574678573,3.4071696,1.575333201848899,2.3562130332295044,2.587545178976846
Dane Dunning,2021,TEX,114.2,4.55,3.94,1.9,train,4.076703246896387,4.417018821178865,4.5093365,1.558522725380067,1.2459463979823735,1.2474934094426942
Zach Plesac,2021,CLE,142.2,4.67,4.73,1.0,train,4.35005875951943,4.7833313393265895,4.614745,1.5453071807903256,1.0877460933393084,1.441446226500834
Ian Anderson,2021,ATL,128.1,3.58,4.12,1.8,train,4.241534359030891,3.9263446695975697,3.8352668,1.533470969252285,1.9571178398190598,2.0440318568856957
Trevor Bauer,2021,LAD,107.2,2.59,4.03,1.8,train,4.016528474291808,3.0915262027297192,2.7813606,1.528598955106687,2.434442287259386,2.554067910690965
Shane McClanahan,2021,TBR,123.1,3.43,3.31,2.5,train,4.199922406127668,3.5176165667680404,3.4413786,1.5257143589668374,2.3286115004405765,2.3262700633382805
Cole Irvin,2021,OAK,178.1,4.24,4.3,2.0,test,4.605820754902438,4.664579243577942,4.7934847,1.4721575491721501,1.5506285988105095,1.5676786665655544
Zac Gallen,2021,ARI,121.1,4.3,4.25,1.3,train,4.253267131582804,4.2653594525388625,4.251433,1.4352240593647132,1.4847150231308928,1.5560542031466227
Casey Mize,2021,DET,150.1,3.71,4.71,1.2,train,4.49721437095276,4.095298404091179,3.8951712,1.4065103481810795,2.0674881912192844,2.327941737087132
Eric Lauer,2021,MIL,106.2,3.04,3.9,1.8,train,4.125127061795241,3.443374096895262,3.4479377,1.3970411942917749,2.0791098671513586,2.001703145900645
Madison Bumgarner,2021,ARI,146.1,4.67,4.63,1.4,train,4.495932319759786,4.372733749161237,4.6268954,1.3709334117546932,1.6515766407983112,1.4677257951397076
Zach Eflin,2021,PHI,105.2,4.17,3.68,2.1,train,4.16255411278583,4.11265633526525,4.1175976,1.3438416941235927,1.4327773772975467,1.4568706977942179
Framber Valdez,2021,HOU,134.2,3.14,4.01,1.8,train,4.437403702908459,3.850132238095259,3.2342176,1.339154263238121,2.141357906205413,2.7436004355045283
Chris Paddack,2021,SDP,106.1,5.08,3.74,1.8,train,4.179541853876569,4.458278603675329,4.842906,1.3370070836384438,1.118605030687002,0.8947674608097381
José Urquidy,2021,HOU,107.0,3.62,4.14,1.8,train,4.211165018631279,3.79005357070957,3.698092,1.3139345289809026,1.764565832302451,1.816936458892225
Austin Gomber,2021,COL,115.1,4.53,4.61,1.3,test,4.326819836858176,4.36669956735251,4.6497993,1.2780118425257943,1.307321969710318,1.136615856844098
Joe Ross,2021,WSN,103.0,4.02,4.43,1.3,train,4.2874805202030455,4.126674981158243,3.9819117,1.1848700703266848,1.389961006673696,1.5307495201264947
Kenta Maeda,2021,MIN,106.1,4.66,4.1,1.6,test,4.321268794645741,4.1688767706073,4.518605,1.18407051292063,1.3919364502187728,1.1516685258522072
Kyle Hendricks,2021,CHC,181.0,4.77,4.89,1.1,train,4.840652311675073,4.692364828651733,4.7761984,1.0638352933015371,1.5311091216715105,1.616565714504975
Aaron Civale,2021,CLE,124.1,3.84,4.83,0.7,train,4.589502805649308,4.230803797731666,4.0175385,1.0463946254537833,1.5596694023599809,1.8113197381563366
Jake Odorizzi,2021,HOU,100.2,4.38,4.59,1.0,train,4.397859635980937,4.2250347866170355,4.3216524,1.0401740853276125,1.2644436088178865,1.2349706432011174
Vladimir Gutierrez,2021,CIN,114.0,4.74,5.22,0.7,test,4.570238319530138,4.707067846018567,4.7691884,0.9835687965139782,0.9494244428055281,1.0241350259339619
Erick Fedde,2021,WSN,131.2,5.26,4.69,1.1,test,4.6814549517006565,4.324649990316861,4.6093326,0.9835623765501432,1.5392978537372972,1.3352439580310078
Kyle Freeland,2021,COL,120.2,4.33,4.63,1.5,train,4.627011090726712,4.394201241353683,4.2388115,0.9676565574646775,1.3358221296382398,1.5558167967991272
Matt Harvey,2021,BAL,127.2,6.27,4.6,1.9,train,4.671080270733923,5.730649935517624,6.1489973,0.9669973533857811,-0.09964019578381969,-0.1676951481888557
Johnny Cueto,2021,SFG,112.1,4.09,4.1,1.5,test,4.622831250301164,4.180172677484813,4.6256514,0.9072139243637795,1.4593790823631387,1.1272018297025799
Andrew Heaney,2021,2 Tms,120.0,5.48,4.67,1.2,test,4.714783913907458,4.333625395159548,4.4732823,0.8589229526420015,1.3983068163553702,1.343153921400832
Triston McKenzie,2021,CLE,116.1,5.03,4.73,1.1,train,4.710012055556667,4.661604485479702,4.9469337,0.8366425595793218,1.0138996430206504,0.8889253806823367
Marco Gonzales,2021,SEA,143.1,3.96,5.28,0.5,train,4.851213694769743,4.440622400897232,4.1540604,0.8257053456685535,1.5311845511673052,1.9427743264367061
Michael Wacha,2021,TBR,107.1,4.53,4.05,1.6,test,4.664003379308514,4.375086263646214,4.658348,0.8219021270972825,1.2084612049094108,1.050779751059678
J.A. Happ,2021,2 Tms,152.1,5.79,5.13,0.5,train,4.905441742281129,5.3528391291078385,5.4288383,0.7937490996913995,0.39239109804274247,0.6173023647314002
Ryan Yarbrough,2021,TBR,117.0,5.46,4.69,0.9,test,4.753743673076334,4.51708631553953,4.778536,0.7910896387314338,1.1722748249202999,1.0429204804603622
Michael Pineda,2021,MIN,106.1,3.72,4.27,1.2,train,4.7017767391012635,4.21889454458971,3.8476698,0.7734669971734671,1.344696151083495,1.6831628513442378
Mitch Keller,2021,PIT,100.2,6.17,4.3,1.1,train,4.731392132890955,5.454178607396133,6.0579886,0.700275444964383,0.16810850766919272,-0.06401423519200966
Zack Greinke,2021,HOU,168.2,4.11,4.69,1.3,test,5.030439534858296,4.608139591806654,5.0365024,0.6639369636218766,1.5489393529468414,1.1753492483746755
Brad Keller,2021,KCR,133.2,5.39,4.72,1.2,train,5.051218685936858,5.383355706912775,5.4720798,0.4976314169241681,0.30744874293428875,0.49759228469964806
Wil Crowe,2021,PIT,116.0,5.43,5.67,-0.3,test,5.095807474070203,4.932750201889694,5.312038,0.38076768310168363,0.733042074611876,0.571948442474422
Tarik Skubal,2021,DET,143.2,4.39,5.06,0.7,train,5.158418821006103,4.547189209123051,4.4499974,0.3788627355911644,1.3964113712659203,1.6277258068972176
Yusei Kikuchi,2021,SEA,157.0,4.41,4.61,1.1,test,5.195154234403601,4.6043644851965855,5.174298,0.35671513124436016,1.4510754782698871,0.9355617989171444
Drew Smyly,2021,ATL,115.2,4.75,5.36,0.1,train,5.146847096747109,4.7863266321973725,4.8125854,0.3183413822029533,0.8781404249248537,0.9975891557693476
Dallas Keuchel,2021,CHW,156.1,5.18,5.16,0.9,test,5.282660418852344,5.351985614163602,5.3576913,0.21574373314502762,0.4038963966763012,0.7164569674291704
JT Brubaker,2021,PIT,124.1,5.36,5.16,0.3,train,5.296383472184559,5.121748315680917,5.3939357,0.15419623320488027,0.5754422617655995,0.536002919417589
Adbert Alzolay,2021,CHC,106.1,5.16,5.14,0.4,train,5.30291198064442,5.0205065676756595,5.07598,0.1247860768044268,0.5875974490434414,0.7101332771444401
Martín Pérez,2021,BOS,100.0,4.77,4.91,0.6,train,5.314874592831371,4.909247156435714,4.8214736,0.10544514981843187,0.652854526094358,0.8593266228970848
Jon Lester,2021,2 Tms,141.1,4.71,5.41,0.1,test,5.3900647549244916,5.047970668997671,5.2839503,0.040880586782841795,0.7469368843446593,0.7252962161366926
Garrett Richards,2021,BOS,110.1,5.22,5.15,0.5,train,5.4045063759694525,5.4218455051374255,5.3310103,0.01572765622184554,0.2164069619717499,0.527262003035925
Jorge López,2021,BAL,113.1,6.35,5.24,0.8,train,5.432733314824109,5.879470698994868,6.176225,-0.016312873944817896,-0.23842525997221103,-0.1720984159819836
Jordan Lyles,2021,TEX,167.0,5.39,5.53,0.0,train,5.652035297676444,5.360404309790889,5.431853,-0.3965667664659086,0.419584188387923,0.6740157056270814
Mike Foltynewicz,2021,TEX,130.0,5.54,6.14,-0.7,train,5.805760412573312,5.412486783503209,5.5183635,-0.5119552186241412,0.2663514979065588,0.44071455472670895
Zach Davies,2021,CHC,148.0,5.78,5.45,0.0,test,5.827866202807645,5.3209907015844164,5.4598174,-0.6161158084147035,0.4237725793558668,0.5664302687435826
Patrick Corbin,2021,WSN,171.2,5.82,5.41,0.2,train,5.794039922115241,5.43392779284749,5.6777644,-0.6537979870696621,0.31808896125933767,0.3766373704692963
Kris Bubic,2021,KCR,103.2,4.77,5.6,0.0,train,6.05517734518848,4.819621652190234,4.892895,-0.6682013479385744,0.7560808168746269,0.8317934976049285
Sandy Alcantara,2022,MIA,228.2,2.28,2.99,5.9,train,2.623884340840493,2.6094370804472247,2.431922,6.486184837221014,6.161573855594866,6.032297429703015
Aaron Nola,2022,PHI,205.0,3.25,2.58,6.3,train,2.4530770849896744,3.0088944615984055,3.226743,6.182891557478266,4.806207075930263,4.202484460613282
Justin Verlander,2022,HOU,175.0,1.75,2.49,6.1,train,2.333898927588325,2.0689956767676785,1.7602971,5.490196521588437,5.567031478966158,5.503536205815847
Max Fried,2022,ATL,185.1,2.48,2.7,4.9,train,2.540321254168277,2.6284708265795715,2.4384236,5.418455854254804,4.966479031426144,4.88399562289882
Carlos Rodón,2022,SFG,178.0,2.88,2.25,6.2,train,2.5020925411988593,2.843391573593092,2.8591492,5.279824161775584,4.435434157682991,4.13751588527752
Shohei Ohtani,2022,LAA,166.0,2.33,2.4,5.6,train,2.327049655271133,2.429043072308329,2.467759,5.21940723782401,4.7486914470369355,4.343670439522663
Dylan Cease,2022,CHW,184.0,2.2,3.1,4.4,train,2.629783229071908,2.4604348948192483,2.2883885,5.218838298684872,5.212192735736858,5.061088125524081
Zac Gallen,2022,ARI,184.0,2.54,3.05,4.2,test,2.7281132583448544,3.0397000096214564,3.1164331,5.034825706800874,4.263407117434318,3.923528613009189
Martín Pérez,2022,TEX,196.1,2.89,3.27,3.9,train,2.9567780043714116,2.9804158516072685,2.9421108,4.909861929764084,4.647260274545246,4.436774167355001
Corbin Burnes,2022,MIL,202.0,2.94,3.14,4.6,train,3.0657874496431914,3.0871580058049033,2.9704325,4.833629309087576,4.59514328171797,4.527547659377023
Framber Valdez,2022,HOU,201.1,2.82,3.06,4.4,train,3.127985181980672,3.0436613631110663,2.9166687,4.684880724072965,4.652534586890741,4.5880998702429565
Logan Webb,2022,SFG,192.1,2.9,3.03,4.2,train,3.030812464490758,3.0075621541659725,2.8815691,4.66506629534082,4.506045971313993,4.433106772121368
Alek Manoah,2022,TOR,196.2,2.24,3.35,3.9,train,3.127567870104304,2.528478503251982,2.274228,4.571561709171527,5.438944708396163,5.41740352802775
Shane Bieber,2022,CLE,200.0,2.88,2.87,4.8,train,3.2300703834732394,3.0181363501992164,2.9260883,4.451602717974888,4.672528811367858,4.5489374145801635
Yu Darvish,2022,SDP,194.2,3.1,3.31,4.2,train,3.187770214140116,3.191013898869019,3.115271,4.406054013020654,4.238170344737719,4.142713481385319
Max Scherzer,2022,NYM,145.1,2.29,2.62,4.5,train,2.4663406285467673,2.380674458216613,2.2905037,4.3567072128290025,4.213288697131015,3.988816519725028
Julio Urías,2022,LAD,175.0,2.16,3.71,3.2,train,3.028996372469421,2.616950274218335,2.3086832,4.253032470845945,4.713429291945867,4.787018016723319
Kevin Gausman,2022,TOR,174.2,3.35,2.38,5.5,train,3.0290753046263994,3.1703398590708542,3.3214374,4.233450192102635,3.8337542768675257,3.447925319709609
Tyler Anderson,2022,LAD,170.2,2.58,3.38,3.8,train,2.9857374029756913,2.9659592539682462,2.6220956,4.21126018337602,4.055373926573525,4.257446289174293
Chris Bassitt,2022,NYM,181.2,3.42,3.66,2.8,train,3.1715438764371804,3.4821297406877867,3.355689,4.141010555945964,3.4848954144327258,3.5401371233258043
Gerrit Cole,2022,NYY,200.2,3.5,3.47,3.4,train,3.408297465939774,3.4889495830102804,3.3512452,4.0931590385815415,3.8381556146861957,3.917986020321441
Alex Cobb,2022,SFG,149.2,3.73,2.8,3.7,train,2.8356331769776455,3.4261468866397307,3.5085986,3.919431588559353,2.9438140473659744,2.744611563100492
Zack Wheeler,2022,PHI,153.0,2.82,2.89,4.2,test,2.9155273217964073,2.9511326136428457,2.7428074,3.894933696542701,3.66574094414255,3.689305598333989
Joe Musgrove,2022,SDP,181.0,2.93,3.59,3.4,test,3.304618590460474,3.7018611834866615,3.3133185,3.8914672161497337,3.127016006630441,3.5934888907096987
Shane McClanahan,2022,TBR,166.1,2.54,3.0,3.6,train,3.131707326485232,2.7766457129084237,2.5476987,3.863223218732276,4.237596513647653,4.24715017852561
Jose Quintana,2022,2 Tms,165.2,2.93,2.99,4.0,test,3.1406205235962537,2.9522553348837794,3.2407672,3.8273149435083367,3.9563908263597085,3.3692896137949537
Nestor Cortes,2022,NYY,158.1,2.44,3.13,3.7,train,3.043484756658211,2.6202540800140803,2.5206797,3.8190142974741366,4.253597052317643,4.074485109165172
Clayton Kershaw,2022,LAD,126.1,2.28,2.57,3.9,test,2.48263144825797,2.761643696679918,2.623529,3.765328737815277,3.2339435012264195,3.152962926845836
Merrill Kelly,2022,ARI,200.1,3.37,3.65,3.2,train,3.5783997020405884,3.478932211139575,3.5006154,3.744935548704152,3.8540816966357725,3.6928704098461473
Brandon Woodruff,2022,MIL,153.1,3.05,3.08,3.6,train,3.018229398051057,3.0827489619818333,3.0975535,3.7375611781497717,3.488763501552301,3.286212696163233
Luis Castillo,2022,2 Tms,150.1,2.99,3.07,3.7,train,2.997069374035206,3.05318661470477,3.0815487,3.696626349784302,3.4599006376147488,3.239755567272404
Spencer Strider,2022,ATL,107.1,2.77,1.92,4.1,train,2.0677598708139016,2.7474907165005864,2.7840002,3.649895878929178,2.7601651317605778,2.549574721332414
Patrick Sandoval,2022,LAA,148.2,2.91,3.09,3.7,test,2.9989206927428214,2.727155134837388,2.900689,3.6470431695365013,3.846215510751684,3.398867068497721
Triston McKenzie,2022,CLE,188.1,2.92,3.58,3.4,train,3.5368273732857896,3.291948994744248,3.0500264,3.5998827546766305,3.936038841683867,4.104216784877157
George Kirby,2022,SEA,130.0,3.39,2.99,2.9,train,2.752905186170322,3.254938043975587,3.263859,3.5244347012176718,2.7631118714345586,2.628964841431101
Cristian Javier,2022,HOU,134.1,2.68,3.27,3.1,train,2.878935079475494,2.720848765306593,2.7245362,3.463701815251328,3.4878080525553834,3.2518614227872975
Blake Snell,2022,SDP,128.0,3.38,2.8,3.6,train,2.923094007807226,3.255110097318734,3.3474102,3.248656100211708,2.7204064174469638,2.5086710444074045
Tony Gonsolin,2022,LAD,130.1,2.14,3.28,2.7,train,2.9783897586791523,2.5083693730297467,2.37856,3.228787809282415,3.6298467426145273,3.490930389233814
Kyle Wright,2022,ATL,180.1,3.19,3.58,2.8,train,3.6575021659333125,3.434247785387982,3.414867,3.2257361902281443,3.5405040253253004,3.4390714112259038
Drew Rasmussen,2022,TBR,146.0,2.84,3.26,3.0,train,3.293601450798823,3.0439568641070056,3.054256,3.155332876103358,3.37738845239626,3.181012298628841
Pablo López,2022,MIA,180.0,3.75,3.71,3.0,train,3.717816662730681,3.832501940233949,3.8080685,3.1135276464352155,2.9004132349229534,2.9087284079198876
Ross Stripling,2022,TOR,123.1,2.92,3.04,3.0,train,3.0225914566635943,3.0222880553577167,2.9449468,2.999723459483259,2.871392048527901,2.7825382795927895
Miles Mikolas,2022,STL,199.1,3.3,3.89,2.8,train,3.9399592266521424,3.6219901505986742,3.509192,2.99407941449041,3.581275293737763,3.6616658615043964
Corey Kluber,2022,TBR,164.0,4.34,3.57,3.1,train,3.645158650911882,4.03249606711958,4.2414665,2.957960784096353,2.3506315785225547,2.1194940566261207
Jordan Montgomery,2022,2 Tms,178.1,3.48,3.61,2.8,train,3.8031341996966175,3.6546519114800575,3.6185074,2.9261208987341316,3.151759873630925,3.1300920237175567
Tarik Skubal,2022,DET,117.2,3.52,2.96,2.9,train,2.9838368804505855,3.2652045690989757,3.4515991,2.902146086600652,2.480340774546624,2.2058319805372686
Adam Wainwright,2022,STL,191.2,3.71,3.66,2.9,train,3.9489153741718477,3.6707556014839744,3.7251034,2.857862503396842,3.356176438427658,3.2081525887713234
Ranger Suarez,2022,PHI,155.1,3.65,3.87,2.3,train,3.6105461142786037,3.6902900722114573,3.6105368,2.8520368165622783,2.6955347151420646,2.7350990670999984
Justin Steele,2022,CHC,119.0,3.18,3.2,2.5,train,3.086469592625284,3.145747378396319,3.1902063,2.8225026455679174,2.6449760053013085,2.4719532394851353
Jeffrey Springs,2022,TBR,125.0,2.66,3.14,2.7,train,3.217036546123973,2.9576377430135574,2.7594507,2.7988218266561287,2.987648054483605,2.9986056935345484
Johnny Cueto,2022,CHW,153.1,3.29,3.76,2.4,train,3.634126736011946,3.5283372289994017,3.278859,2.7785424932071434,2.8814934933532355,3.0789655797051094
Taijuan Walker,2022,NYM,157.1,3.49,3.65,2.7,train,3.707629475338642,3.639905312703884,3.7189999,2.7336947278506027,2.8007542969542225,2.6431464056543423
Cal Quantrill,2022,CLE,186.1,3.38,4.12,2.1,train,3.987610614618604,3.6755945406221864,3.5106015,2.708393052659034,3.2586387794504366,3.4206232023994154
Joe Ryan,2022,MIN,147.0,3.55,3.99,2.2,train,3.620215507722464,3.608339204900793,3.5354962,2.6886345879710083,2.6619988939056123,2.674620184308505
Robbie Ray,2022,SEA,189.0,3.71,4.17,1.6,train,4.023812123379465,3.8925252775422035,3.7917328,2.681010368566772,2.9444493690897837,3.077216519092243
Luis Garcia,2022,HOU,157.1,3.72,3.93,2.0,train,3.7522892287269407,3.8786524714408976,3.7700727,2.662337814337736,2.466876689857808,2.583240628721657
Jameson Taillon,2022,NYY,177.1,3.91,3.94,2.4,train,3.95971594619774,3.8330919991399472,3.827129,2.6276560926234502,2.8527541325562167,2.836662545657422
Frankie Montas,2022,2 Tms,144.1,4.05,3.78,2.0,train,3.6904778965153273,3.9682788280533505,3.9893174,2.532618819401611,2.147776189965256,2.133595407376001
Brady Singer,2022,KCR,147.2,3.11,3.55,2.9,train,3.7470659600829146,3.391246497774457,3.2088928,2.5023845411547194,2.9500837618149185,3.037206740506281
Carlos Carrasco,2022,NYM,152.0,3.97,3.53,2.5,train,3.8025692097161734,3.841720893337683,3.8192043,2.498180429039553,2.436764062568148,2.443621839768605
Logan Gilbert,2022,SEA,185.2,3.2,3.46,3.0,train,4.100193879825609,3.343475278215864,3.2638915,2.4832351541973314,3.7904096736074675,3.7452189231625077
Sonny Gray,2022,MIN,119.2,3.08,3.4,2.4,train,3.382401733402342,3.237354658241179,3.1645546,2.4684797991275604,2.5522184618800328,2.4989372008105244
Noah Syndergaard,2022,2 Tms,132.2,4.0,3.87,2.1,train,3.6773096062849877,3.829838592103532,3.8718123,2.341176600650297,2.1333266272641853,2.0733818187557373
Tyler Mahle,2022,2 Tms,120.2,4.4,3.87,2.2,train,3.5976176477826094,4.076531911841715,4.155787,2.2260875812939465,1.6757232917210445,1.6303265787180057
Cole Irvin,2022,OAK,181.0,3.98,4.21,1.4,train,4.2107036141910354,4.134285078836482,4.007048,2.2234862971571,2.4302913906452774,2.6559886864475435
Jordan Lyles,2022,BAL,179.0,4.42,4.4,1.5,train,4.207548787150463,4.17323464822784,4.183059,2.2046608284335063,2.341374939139901,2.3914091797519923
Rich Hill,2022,BOS,124.1,4.27,3.92,1.8,train,3.7101236224039944,4.043968382346894,4.1611605,2.156314206808603,1.7660666391589535,1.6782451714458841
Mitch Keller,2022,PIT,153.0,3.94,3.91,2.0,train,4.052274108254256,3.8833646896161227,3.9363832,2.126052289342749,2.396078223782522,2.3258405689576382
Lance Lynn,2022,CHW,121.2,3.99,3.82,1.8,train,3.7385024270056313,3.933241609473774,3.98746,2.070943266041321,1.8442583033405644,1.796210819996077
Luis Severino,2022,NYY,102.0,3.18,3.7,1.5,test,3.459887885865636,3.74286594538494,3.5241897,2.0319060930079518,1.7249545878302075,1.8644694721286523
Alex Wood,2022,SFG,130.2,5.1,3.76,1.7,train,3.896547116187108,4.334945734959856,4.682816,2.0154429457611895,1.5156326203539312,1.2536330897553698
Kyle Gibson,2022,PHI,167.2,5.05,4.28,1.8,train,4.2353383727889025,4.6971700316093745,4.8265834,2.0120691080664193,1.407220733817526,1.4304152748564278
Reid Detmers,2022,LAA,129.0,3.77,3.79,2.2,train,3.896676978371125,3.624268653741403,3.809284,1.996697055779963,2.3177477545946457,2.083418028558335
Jon Gray,2022,TEX,127.1,3.96,3.8,1.8,train,3.8940077616312045,4.052493281430223,4.041393,1.970738767232773,1.7991145067489838,1.8324699334557206
Marcus Stroman,2022,CHC,138.2,3.5,3.76,2.0,train,4.025118562404973,3.6468709828988897,3.6085958,1.9585638865051007,2.455238774419813,2.439080069719645
Dane Dunning,2022,TEX,153.1,4.46,4.45,0.9,train,4.183165636213985,4.488129685471258,4.539436,1.923629617958536,1.5734402611345217,1.6380215784382246
Dakota Hudson,2022,STL,136.2,4.54,4.34,1.1,train,4.034809083802162,4.454310015567746,4.5484457,1.9167964178248518,1.4407588297928589,1.4480458279642363
Kyle Freeland,2022,COL,174.2,4.53,4.21,2.5,train,4.341886843188909,4.491565359628736,4.545339,1.907533866885986,1.7849616936171435,1.8560932412212778
JT Brubaker,2022,PIT,144.0,4.69,3.92,1.9,train,4.130670185066559,4.282953022741862,4.509549,1.886174929219845,1.7429222879627544,1.5727928126352781
Jesús Luzardo,2022,MIA,100.1,3.32,3.12,2.3,train,3.581717429637835,3.4172580954986107,3.3426704,1.8700258615105072,1.982959227786353,1.9654015159927074
Nick Lodolo,2022,CIN,103.1,3.66,3.9,1.9,train,3.644983038732544,3.8177414460919463,3.7111943,1.8597314415000072,1.674838914402914,1.7406259146333771
José Urquidy,2022,HOU,162.1,3.88,4.43,1.3,test,4.293204052228388,4.4472674804099395,4.5588512,1.8552963518795342,1.7248978635332024,1.7108148250657138
Nick Pivetta,2022,BOS,179.2,4.56,4.42,1.5,test,4.420689143416823,4.432562935614199,4.398907,1.8186632976407402,1.9303145555008896,2.105286911045377
Charlie Morton,2022,ATL,172.0,4.34,4.26,1.4,test,4.379743875336625,4.049351028845626,4.0094404,1.8172188321190874,2.4394900332481853,2.5208507810715677
Drew Smyly,2022,CHC,106.1,3.47,4.23,1.2,train,3.7577731608757245,3.661302946590025,3.5128365,1.792134790435839,1.8713248230049206,1.9484075311878717
Dean Kremer,2022,BAL,120.0,3.23,3.83,1.7,train,3.9506604756666537,3.4529640030274815,3.314222,1.791507721747563,2.3390327113367944,2.3816139877491485
Michael Wacha,2022,BOS,127.1,3.32,4.14,1.5,train,4.065032492114468,3.6519957614522927,3.5102272,1.7496595000448039,2.2522397708245046,2.3365250618538753
Michael Kopech,2022,CHW,119.1,3.54,4.5,1.0,train,4.016409284701596,3.702292049052761,3.5578623,1.6984292221242694,2.057154284658669,2.1470996210143753
James Kaprielian,2022,OAK,134.0,4.23,4.63,0.3,test,4.228126228449191,4.321125832416524,4.481479,1.6223725014273653,1.5763524355158227,1.4916544671432632
José Berríos,2022,TOR,172.0,5.23,4.55,0.9,test,4.493334768215048,4.449459145813051,4.325295,1.6185107593060397,1.8268876187141205,2.1152319306104177
Marco Gonzales,2022,SEA,183.0,4.13,5.05,-0.1,train,4.588222018495483,4.420587188444772,4.248565,1.5454153687046916,1.990756187489826,2.355346108979643
Zach Davies,2022,ARI,134.1,4.09,4.83,0.4,train,4.31925534507118,4.140274317744424,4.1224985,1.4992951442453957,1.793414491810919,1.8521877503882205
Lucas Giolito,2022,CHW,161.2,4.9,4.06,1.8,train,4.505278218791596,4.518260503633463,4.8339095,1.4973021800224349,1.613449297501416,1.3702671541328686
José Suarez,2022,LAA,102.1,4.13,3.98,1.4,train,4.066290686712328,3.9055050749730973,3.9094124,1.4042027998598072,1.5788289597545386,1.5726405378015098
Zack Greinke,2022,KCR,137.0,3.68,4.03,1.9,train,4.419332770835876,3.902475727775157,3.7197094,1.3922742478027337,2.1222014153662987,2.30424595711575
Sean Manaea,2022,SDP,153.0,5.06,4.62,1.0,train,4.546611853292664,4.62290852225781,4.717946,1.3568177891948887,1.3888491672227454,1.433033006689306
Jake Odorizzi,2022,2 Tms,106.1,4.4,4.28,1.2,train,4.172699782303127,4.302218922687624,4.3379064,1.34439031619373,1.2659987554738716,1.294812599000941
Eric Lauer,2022,MIL,158.2,3.69,4.5,1.1,test,4.5851709157839196,4.538792954429584,4.8615117,1.3408911854042533,1.554507527289864,1.312163272747224
Tyler Wells,2022,BAL,103.2,4.25,4.52,1.0,train,4.150766301743257,4.322364551983182,4.306826,1.3306658430707228,1.2128886955148626,1.2833697271199958
Nathan Eovaldi,2022,BOS,109.1,3.87,4.3,1.0,train,4.240388005267963,3.9936084872592077,3.9292903,1.3072960647121332,1.6015099830526822,1.6642692346415697
Hunter Greene,2022,CIN,125.2,4.44,4.37,1.6,train,4.396363197522293,4.274041436169199,4.4197555,1.3016040480092756,1.5253059984578117,1.451392821091978
Graham Ashcraft,2022,CIN,105.0,4.89,4.21,1.4,train,4.201272826838366,4.669687010077996,4.821061,1.2999389317523662,0.9094089404899095,0.9026163078976983
Dylan Bundy,2022,MIN,140.0,4.89,4.66,0.8,train,4.513263506147537,4.736054640168072,4.805937,1.2890164649507752,1.1298354025414632,1.2192974858242493
Paul Blackburn,2022,OAK,111.1,4.28,4.21,0.8,train,4.382479720370447,4.360281515292114,4.3382964,1.1707052262497795,1.2682367247933986,1.355507551413691
Ian Anderson,2022,ATL,111.2,5.0,4.25,0.9,test,4.416623103864219,4.153249513293617,4.071096,1.133144068116195,1.4743127934560876,1.578570028317432
Trevor Rogers,2022,MIA,107.0,5.47,4.36,0.9,train,4.3878255746413295,4.99523335222709,5.187947,1.1216842752008889,0.616654058813865,0.6267081589437532
Zach Plesac,2022,CLE,130.2,4.34,4.46,0.8,train,4.571517323264718,4.301713147980688,4.4558296,1.121645438719366,1.5541492280052909,1.4742878918280642
Kyle Bradish,2022,BAL,117.2,4.9,4.46,0.8,train,4.543620652484596,4.68205786800368,4.6992664,1.04290563225716,1.0021673408212528,1.1140675140062113
Chris Archer,2022,MIN,102.2,4.56,4.49,0.5,test,4.428006365243423,4.686469059213218,4.397607,1.029600686069071,0.8698905055014696,1.2016636630419997
Mike Clevinger,2022,SDP,112.1,4.25,5.04,0.4,train,4.546725418116391,4.365642734106179,4.4104767,0.9939834259543947,1.2743021414784321,1.307295858931136
Brad Keller,2022,KCR,122.1,4.93,4.66,0.7,train,4.643566900975814,4.959757478684706,4.9020476,0.9623929303675034,0.7422358372452241,0.9757841657968885
Madison Bumgarner,2022,ARI,158.2,4.88,4.85,0.4,test,4.826323208297228,4.747886086957313,4.9973316,0.9528825196828811,1.2600523847169807,1.1517381167998375
Adrian Houser,2022,MIL,100.2,4.83,4.27,1.0,train,4.503697759085167,4.614506816491455,4.797722,0.9323158272118245,0.9170539461530985,0.8788143838412479
Glenn Otto Jr.,2022,TEX,135.2,4.64,5.21,0.0,train,4.791400192976599,4.668572949467425,4.6219454,0.8623682203672535,1.1723130565764055,1.3632207678915114
Chris Flexen,2022,SEA,121.0,4.02,4.71,0.4,train,4.7601538724551,4.302310399778838,4.1617475,0.8102468288295405,1.4436889286341426,1.6357925572800203
Daniel Lynch IV,2022,KCR,131.2,5.13,4.63,0.8,test,4.815012717034779,4.59818072815154,4.7047076,0.8053464429444992,1.219840516525732,1.241817214738552
Germán Márquez,2022,COL,181.2,4.95,4.71,1.3,train,5.08034350086841,5.132644447019871,5.021963,0.6232839353792254,0.8226352919488673,1.2858606636553003
Josiah Gray,2022,WSN,148.2,5.02,5.86,-0.7,train,5.017013660594612,5.07043496603396,5.0237904,0.6052272824904112,0.7548863295597398,1.0496589035282438
Patrick Corbin,2022,WSN,152.2,6.31,4.84,0.7,train,5.117639026685418,5.831478765718086,6.0554953,0.4657992089845037,-0.25583035445674923,-0.09440180834455461
Jonathan Heasley,2022,KCR,104.0,5.28,5.67,-0.4,train,5.075480513911554,5.258681485798811,5.240041,0.362878460736449,0.3554705554736174,0.5686864437932626
Kris Bubic,2022,KCR,128.0,5.55,4.72,0.6,train,5.247522663810202,5.364876721933997,5.589749,0.22265040116529644,0.31650151733465,0.36571274447942387
Erick Fedde,2022,WSN,127.0,5.81,5.15,0.3,train,5.311305650757938,5.547368973801966,5.8501887,0.13852519002581828,0.1077184846621638,0.11590293469723958
Zach Thompson,2022,PIT,102.1,5.19,5.3,0.0,test,5.3055267982278025,5.1359368677535695,5.1736865,0.11736635100136908,0.4605344785891851,0.6088791194372647
Chad Kuhl,2022,COL,137.0,5.72,5.26,0.4,train,5.421200673404581,5.490732482415873,5.655218,-0.0036909182628263905,0.18527031038842343,0.32445996269830907
Zach Eflin,2023,TBR,177.2,3.5,3.01,4.9,train,2.65145485778121,3.4216766196026267,3.4512022,4.9869111931822765,3.50332376208807,3.3356226946009677
Sonny Gray,2023,MIN,184.0,2.79,2.83,5.4,test,2.821247323486837,2.6924436342692317,2.407369,4.860536724623337,4.832182702876847,4.897634024204117
Gerrit Cole,2023,NYY,209.0,2.63,3.16,5.3,train,3.195600052231227,2.8289375205694163,2.7334602,4.725196375978017,5.2347885257952,5.054225477968638
Spencer Strider,2023,ATL,186.2,3.86,2.85,5.5,train,2.9304685612716312,3.6484346706807074,3.7876558,4.711813841441243,3.3054071787674677,3.0372959772700066
Pablo López,2023,MIN,194.0,3.66,3.33,4.6,train,3.0327627773529366,3.6977732702581663,3.5702507,4.707358853780631,3.35866785472193,3.479430589629346
Zack Wheeler,2023,PHI,192.0,3.61,3.15,5.9,train,3.0295461509512824,3.352646910329092,3.3457422,4.665110621269221,3.91390690654166,3.765397644212974
Kevin Gausman,2023,TOR,185.0,3.16,2.97,5.3,test,2.9859679845419587,2.9021314912469096,3.039597,4.577022870798557,4.513127608570661,4.050982498633309
Logan Webb,2023,SFG,216.0,3.25,3.16,4.9,test,3.4777094082137454,3.6666865043289953,3.7088215,4.263709029955414,3.7993203203655592,3.6505306914793048
Justin Steele,2023,CHC,173.1,3.06,3.02,4.8,train,3.0820975910602098,3.1245972761655434,3.058957,4.113371006463925,3.88002974214861,3.7653846844254084
George Kirby,2023,SEA,190.2,3.35,3.34,4.2,train,3.2959388747381384,3.464800456365952,3.439736,4.10605589267032,3.6873265114876412,3.5966184430107053
Blake Snell,2023,SDP,180.0,2.25,3.44,4.1,train,3.254312789629142,2.531448784556948,2.1993625,3.962061988225117,4.985098231723247,5.070708708224909
Jesús Luzardo,2023,MIA,178.2,3.58,3.55,3.8,test,3.368250022065487,3.4464563959504426,3.3634589,3.7159428609086853,3.4837864810309123,3.4711879422254
Kyle Bradish,2023,BAL,168.2,2.83,3.27,3.9,train,3.2852209320103958,3.013780930337764,2.8167171,3.6494527793443923,3.936117951294747,3.9630072489317962
Zac Gallen,2023,ARI,210.0,3.47,3.26,5.2,train,3.7481319083282383,3.381502809396332,3.4310215,3.5677012818118947,4.226893709384653,3.984693302716361
Luis Castillo,2023,SEA,197.0,3.34,3.81,3.3,train,3.653086885989029,3.5895123874389756,3.5094569,3.5372752439291806,3.6004560542627475,3.622654970596358
Jordan Montgomery,2023,2 Tms,188.2,3.2,3.56,4.2,train,3.6507252770196237,3.239327400898246,3.3379092,3.3837853198298977,4.026288307456532,3.7018806815027374
Corbin Burnes,2023,MIL,193.2,3.39,3.81,3.4,train,3.7118895067239883,3.7788157144959755,3.68606,3.3534995500938454,3.2054402171806893,3.298030015013315
Kodai Senga,2023,NYM,166.1,2.98,3.63,3.4,train,3.4379538380094834,3.3453132466953734,3.1764786,3.345873361138695,3.39678052375345,3.4673724608943495
Framber Valdez,2023,HOU,198.0,3.45,3.5,4.4,test,3.8185294758128245,3.4171372940983074,3.8293395,3.2220684949985454,3.922549850943577,3.1681559700553588
Mitch Keller,2023,PIT,194.1,4.21,3.8,3.2,train,3.813801730111418,4.055307907124906,4.1707816,3.167936550947415,2.7426437244942496,2.610935272335425
Logan Gilbert,2023,SEA,190.2,3.73,3.85,3.0,train,3.7965935056671203,3.7541293047082362,3.714792,3.137572224807167,3.197462937998004,3.2060165197865214
Bailey Ober,2023,MIN,144.1,3.43,3.96,2.5,train,3.298099363576231,3.5055345064119887,3.532785,3.1076783042925746,2.7413544335335267,2.6247726157431557
Freddy Peralta,2023,MIL,165.2,3.86,3.85,3.0,train,3.591437339608806,3.710654536214976,3.8556705,3.0698654117099644,2.841118810050179,2.610852894981266
Sandy Alcantara,2023,MIA,184.2,4.14,4.03,3.0,train,3.7988147579899714,4.0929462594190005,3.938506,3.0344338634157473,2.541040837752406,2.7972103939553814
Tyler Glasnow,2023,TBR,120.0,3.53,2.91,3.2,test,2.9554589028497604,3.24859685790233,3.0561059,3.0061149207305777,2.5573384838167414,2.6128732476100174
José Berríos,2023,TOR,189.2,3.65,3.99,2.9,train,3.87436825891253,3.8390942178032836,3.6231728,2.97141688367314,3.037553854843447,3.3185831828549084
Chris Bassitt,2023,TOR,200.0,3.6,4.28,2.6,train,3.96891787742733,3.9186041425100457,3.8528047,2.9487087153607523,3.0693901979885947,3.165118198982715
Aaron Nola,2023,PHI,193.2,4.46,4.03,3.8,test,3.9675082691420176,3.9653167561299916,3.8448915,2.8512224235411536,2.884694194922335,3.0689186834714506
Charlie Morton,2023,ATL,163.1,3.64,3.87,2.7,test,3.7107260270167552,3.4127589578894875,2.9984915,2.832964036105356,3.237507674752413,3.6214898049847144
Tanner Bibee,2023,CLE,142.0,2.98,3.52,3.0,train,3.501597509851921,3.1387007872036627,3.0695856,2.7684943411112246,3.1650970368617966,3.0776087198168454
Justin Verlander,2023,2 Tms,162.1,3.22,3.85,3.4,train,3.762825724206201,3.3219684816431787,3.3237324,2.7297007549729693,3.34866535594648,3.2056534695054704
Merrill Kelly,2023,ARI,177.2,3.29,3.85,3.2,test,3.9256888267247056,4.036643637577871,3.395161,2.6904640853645945,2.533286455403785,3.409766352018543
Kyle Hendricks,2023,CHC,137.0,3.74,3.81,2.7,test,3.4929357240372703,4.023184543403961,4.040799,2.6830811535446557,1.974993063219634,1.975810869202489
Eduardo Rodriguez,2023,DET,152.2,3.3,3.66,3.1,train,3.694155720212448,3.4127209285529876,3.3616633,2.669286662318344,3.021196024514638,2.9667699191263055
Nathan Eovaldi,2023,TEX,144.0,3.63,3.88,2.3,train,3.604942753629417,3.6306731380536994,3.593121,2.656132301114661,2.5790437536481243,2.558081350623183
Bobby Miller,2023,LAD,124.1,3.76,3.51,2.9,train,3.3445561119712517,3.4755285244818,3.6365798,2.617719873291437,2.394022616927601,2.164301553945111
Joe Ryan,2023,MIN,161.2,4.51,4.13,2.3,train,3.830052487943295,4.2054475371964,4.4916377,2.6043275458021355,2.0623214669802072,1.782211654048876
Johan Oviedo,2023,PIT,177.2,4.31,4.49,1.8,train,3.9937665704766143,4.136265635196883,4.23337,2.567773165520849,2.3761446064392198,2.300799566454623
Dylan Cease,2023,CHW,177.0,4.58,3.72,3.6,train,4.0204515310239834,4.055183372527547,4.380983,2.516837171498517,2.5012159964751537,2.1031282003483094
Shohei Ohtani,2023,LAA,132.0,3.14,4.0,2.3,train,3.6053678696782665,3.413295142690664,3.1531029,2.4342172202034837,2.619547855006626,2.778565637607283
Max Scherzer,2023,2 Tms,152.2,3.77,4.32,2.2,test,3.8605979509669286,4.0487908438635465,4.1737657,2.411641654818316,2.1594239780059072,2.0439266503755005
Marcus Stroman,2023,CHC,133.2,4.04,3.62,2.6,train,3.6775251648469345,3.9315481521860107,3.970852,2.358593934357044,2.0288660782959265,1.9905702066878403
Kutter Crawford,2023,BOS,107.2,4.51,3.8,2.2,train,3.279928465714458,4.021805165476203,4.305875,2.331699750509629,1.546712320043773,1.3338741353290193
Kyle Gibson,2023,BAL,192.0,4.73,4.13,2.7,train,4.237997233637735,4.799226688962649,4.7708755,2.305317912348585,1.4415195502661247,1.7224405712195119
Aaron Civale,2023,2 Tms,122.1,3.46,3.57,2.6,train,3.5631528106258816,3.3524859211234967,3.4117765,2.304074501521696,2.4891751521316205,2.3343587551448435
Taijuan Walker,2023,PHI,172.2,4.38,4.53,2.4,train,4.164872362970481,4.256718427755229,4.245861,2.1956503511562726,2.1244588594375267,2.2198187620228937
Braxton Garrett,2023,MIA,156.2,3.62,3.62,3.1,train,4.038738150172325,3.617173280364472,3.6074822,2.1920224617086306,2.8163168860512515,2.758059315755673
Clarke Schmidt,2023,NYY,158.1,4.66,4.44,1.9,test,4.06192514711912,4.234068280299929,4.1062474,2.181402208098727,1.9823817903850702,2.2028585046361973
Cristian Javier,2023,HOU,162.0,4.56,4.58,2.0,train,4.121135409589883,4.273806525659981,4.5349197,2.1376565367843443,1.9739775106190323,1.7387053502683791
Mike Clevinger,2023,CHW,131.1,3.77,4.28,2.2,train,3.834067357932817,3.72638329272034,3.789351,2.1126823632148026,2.2363094501462957,2.136845048652995
Chris Sale,2023,BOS,102.2,4.3,3.8,2.1,train,3.3881992548079634,4.068850794850674,4.183369,2.1104053990586653,1.4317709556980673,1.3651379000595965
Michael Wacha,2023,SDP,134.1,3.22,3.89,2.6,train,3.8725304704897496,3.485866778235468,3.448514,2.1085688902959756,2.57459242618178,2.5269973482072388
Miles Mikolas,2023,STL,201.1,4.78,4.27,3.0,train,4.393798284912948,4.633839973110228,4.7524605,2.0959215105079605,1.8059055616520099,1.831726478768985
Ranger Suarez,2023,PHI,125.0,4.18,3.9,2.4,train,3.794280211692593,3.946606935623405,4.023907,2.0649626319905914,1.887209820008637,1.8185120902265866
Seth Lugo,2023,SDP,146.1,3.57,3.83,2.9,train,4.085168875899052,3.847343288545175,3.7999508,1.981292693645005,2.334867002004947,2.36977280746722
Patrick Sandoval,2023,LAA,144.2,4.11,4.18,2.3,train,4.0725067648406235,4.03902755410261,4.009972,1.9740965251751952,2.058451835010635,2.1128385282073636
Reid Detmers,2023,LAA,148.2,4.48,4.13,2.4,train,4.127076057224311,4.268062275259386,4.4346495,1.946605694453793,1.8134018684044326,1.701542297500272
Brayan Bello,2023,BOS,157.0,4.24,4.54,1.6,train,4.237737037931734,4.417232566228152,4.2826505,1.8854931414101403,1.7126048189190226,1.980751968891667
Bryce Elder,2023,ATL,174.2,3.81,4.42,1.8,train,4.361397006112348,4.017013449255441,3.9037137,1.8729675905254406,2.520837919083254,2.69060459162218
Wade Miley,2023,MIL,120.1,3.14,4.69,1.0,test,3.919379565591254,4.287702448927842,4.185574,1.8312096683163257,1.4485680195067383,1.6022602732682845
Yusei Kikuchi,2023,TOR,167.2,3.86,4.12,2.6,train,4.3440102337402235,4.005657705496309,3.8928137,1.8272712520144507,2.4364428128611344,2.5960932698329193
Grayson Rodriguez,2023,BAL,122.0,4.35,3.93,1.9,train,3.946044426444934,4.0593739372165,4.136451,1.8270937987123774,1.7194510026217613,1.6723538155018378
Clayton Kershaw,2023,LAD,131.2,2.46,4.03,2.4,train,4.059386946583597,3.0929543752315407,2.745598,1.8136333950400947,2.9777987131475925,3.160906151961525
JP Sears,2023,OAK,172.1,4.54,5.15,0.6,test,4.406465051483111,4.379315984700287,4.543008,1.7715039954485012,1.9354078484306176,1.8367133638688606
Shane McClanahan,2023,TBR,115.0,3.29,3.92,1.9,train,3.9178606660511894,3.7917349605310022,3.4270377,1.7552245801488007,1.8947747570265632,2.1855144620915854
Jameson Taillon,2023,CHC,150.1,4.97,4.67,1.4,train,4.278799270780896,4.731250439688132,4.862454,1.739942061064262,1.2177640649841206,1.2439232435894254
Yu Darvish,2023,SDP,136.1,4.56,4.03,2.4,train,4.165534461005158,4.234695988014086,4.572124,1.734437831469904,1.7057680556136912,1.4229217866245807
Bryce Miller,2023,SEA,131.1,4.32,3.98,1.8,train,4.119953185055967,4.101372489905798,4.2785463,1.7314946721317857,1.79869228987802,1.6580082093194326
Andrew Heaney,2023,TEX,136.2,4.08,4.75,1.0,test,4.179532792283439,4.474674283687045,4.5365734,1.7163213628316,1.4160689594477178,1.4601188003590015
Adrian Houser,2023,MIL,106.1,4.23,3.89,1.8,test,3.8448164016440884,3.682735215251671,3.9144633,1.6982070257142414,1.851082683019246,1.6302511467518952
Griffin Canning,2023,LAA,120.0,4.2,4.25,1.8,train,4.0332132386356445,4.054502611157514,4.09835,1.690755087369921,1.6964668505477662,1.6790745202380999
Paul Blackburn,2023,OAK,102.2,4.3,3.83,1.7,train,3.795125717427716,3.9863832396053023,4.2578177,1.6874346055088636,1.5067961124034106,1.308329848614853
Dane Dunning,2023,TEX,147.0,3.55,4.2,2.0,test,4.296142836794686,3.9665992218011565,3.9764218,1.678077408075323,2.193197847776025,2.190687233737337
Julio Urías,2023,LAD,117.1,4.6,4.69,1.3,train,4.0158775607728865,4.312574761814501,4.512927,1.6705414271591752,1.3864573487859657,1.2760330739636323
Logan Allen,2023,CLE,125.1,3.81,4.19,1.7,train,4.110169348402261,4.011979110230723,4.00531,1.6646983649404474,1.8159209694860465,1.8373371347287293
Hunter Greene,2023,CIN,112.0,4.82,4.25,1.9,train,3.9827480846504404,4.428963531228207,4.722561,1.6355229016416268,1.210035168323137,1.0451586124894974
Brady Singer,2023,KCR,159.2,5.52,4.29,1.9,train,4.414069968996546,5.326320215454082,5.341708,1.6264049078440292,0.4482891326577036,0.7496830833130028
Kenta Maeda,2023,MIN,101.0,4.28,3.96,1.7,train,3.8973542372311307,4.0582398673578375,4.1534967,1.5626097505911474,1.4244995383783616,1.371635413201348
Michael Lorenzen,2023,2 Tms,148.2,4.06,4.47,1.7,train,4.390637359983532,4.1719182084063196,4.151431,1.5493470097872704,1.940238175150429,2.0149229569617075
Tyler Anderson,2023,LAA,132.0,5.52,4.88,1.1,train,4.307901172863487,5.052325347715836,5.4268994,1.4910593374494205,0.6936476312326123,0.5376367124357972
Josiah Gray,2023,WSN,159.0,3.91,4.93,1.6,train,4.506942742023503,3.9133622059005435,3.8475187,1.4741758108257925,2.44758448779294,2.5225441317223907
Andrew Abbott,2023,CIN,109.1,3.87,4.2,2.1,train,4.092957206062829,3.899690459067545,3.9135323,1.4708859777330008,1.6927208559347773,1.6771052263669348
Shane Bieber,2023,CLE,128.0,3.8,3.87,2.1,train,4.353968014800582,3.892049081587546,3.8375418,1.3859046285340473,1.9946670264204436,2.040262040987088
J.P. France,2023,HOU,133.0,3.92,4.69,1.2,train,4.403839394385322,3.975960815625365,3.8346753,1.3725814912056704,1.9732384285006865,2.122806250363843
Lucas Giolito,2023,3 Tms,184.1,4.88,5.27,0.9,train,4.6888892252203815,4.776049553461466,4.8840575,1.3662160339411515,1.4201897804823238,1.4959964142998747
Dean Kremer,2023,BAL,172.2,4.12,4.51,1.6,test,4.6389785911786685,4.4828967431886735,4.493354,1.3653172358293142,1.7777563320400946,1.9016201760370386
Alex Cobb,2023,SFG,151.1,3.87,4.01,1.8,train,4.547933268477871,3.990989950743666,3.8519437,1.3379377107562553,2.2215620029005,2.3922180572990843
Tyler Wells,2023,BAL,108.2,3.98,5.26,0.4,train,4.205377259794388,4.163506800338443,4.1196833,1.3350393898272457,1.4246587200605585,1.4967315224875248
Hunter Brown,2023,HOU,152.2,5.19,4.37,1.9,test,4.561344446092778,4.030973670745051,4.3383355,1.3269179331167067,2.1835633711319438,1.8569155073802908
Jon Gray,2023,TEX,157.1,4.12,4.47,1.7,train,4.597586741557578,4.379257086893858,4.23336,1.3117297849727272,1.7668027204206889,2.0398289682639144
Jack Flaherty,2023,2 Tms,141.1,5.03,4.39,1.7,test,4.5665651601398585,4.487879241442641,4.27141,1.222653290847823,1.4504283525065889,1.7919952334383789
Jordan Lyles,2023,KCR,177.2,6.28,5.62,0.2,train,4.76969076824837,5.6675981482335125,6.0905547,1.1693887845612818,-0.039350246398444054,-0.15629235936935645
Zack Greinke,2023,KCR,131.0,5.02,4.74,1.1,test,4.560795584912688,4.812497312246235,4.921723,1.1428222630157174,0.9680616035144178,1.027666171085163
Brandon Williamson,2023,CIN,117.0,4.46,4.63,1.8,test,4.463756705467913,4.194121165690374,3.9852004,1.1361601866353177,1.508642627909264,1.7359396734994414
Tanner Houck,2023,BOS,106.0,5.01,4.43,1.2,train,4.485548255380173,4.760787588420399,4.9224553,1.0058487585076044,0.8321092876670279,0.8309670176102575
Jake Irvin,2023,WSN,121.0,4.61,5.3,0.7,train,4.608555185160151,4.65278664198077,4.5212517,0.9968093328394901,1.066189021302665,1.311010586476103
Domingo Germán,2023,NYY,103.2,4.77,4.74,0.9,test,4.61560628900838,4.393283073726097,4.3894,0.8427704368707428,1.1477390184962886,1.2197451378634123
Tylor Megill,2023,NYM,126.1,4.7,4.96,0.6,train,4.787613106853776,4.73167845894679,4.8050485,0.8091811576221681,1.0225711694578377,1.0990750381238434
Colin Rea,2023,MIL,113.2,4.75,4.88,0.8,train,4.726538980000485,4.605781089061023,4.742562,0.7967169984880443,1.044825674909224,1.0394523598504983
Ryne Nelson,2023,ARI,138.1,5.53,5.17,0.6,train,4.887913990193375,5.130042350044917,5.421735,0.745307301684057,0.6301631365039293,0.5678072324658175
Drew Smyly,2023,CHC,113.2,5.62,5.38,0.5,train,4.816337873496612,5.20885729135612,5.512725,0.6933311816816239,0.43712248850960983,0.38852630263042975
MacKenzie Gore,2023,WSN,136.1,4.42,4.89,1.2,train,4.959258110679717,4.568142515569852,4.502165,0.6357583927189012,1.3017905161535992,1.4940112573097983
Graham Ashcraft,2023,CIN,145.2,4.76,5.06,1.4,train,5.005564528889236,4.760244692116708,4.689506,0.609883347423492,1.1405344303007576,1.3908082116471756
Tony Gonsolin,2023,LAD,103.0,4.98,5.43,0.4,train,4.842933097801337,5.017337307055663,4.958378,0.6029976642664343,0.5733350075704837,0.7798238053017137
David Peterson,2023,NYM,103.0,5.24,4.46,1.0,train,4.869123734859703,4.807238353228541,5.2138186,0.5755612824473126,0.7659694809178759,0.5833838226568406
Rich Hill,2023,2 Tms,135.2,5.57,4.99,0.5,train,5.030459498072315,5.197954131950715,5.4095488,0.5336483965685802,0.5351976801825168,0.5681847424406218
Taj Bradley,2023,TBR,102.2,5.52,4.72,0.9,train,4.914620144052713,5.046726518341153,5.4517436,0.5238006580980165,0.5421449788525622,0.39730378852638604
Lance Lynn,2023,2 Tms,183.2,5.73,5.53,0.5,train,5.140783627469039,5.384756974782966,5.6671844,0.5175489301211906,0.42057225488195216,0.4175087766260985
Kyle Freeland,2023,COL,155.2,5.03,5.3,1.2,train,5.115235406956481,5.399206225303782,5.1024537,0.47877456607121494,0.33633038224719086,1.00808583036301
Martín Pérez,2023,TEX,108.1,4.98,5.3,0.1,test,5.006807728662733,4.809160532988834,5.1121416,0.4526854553820528,0.8020464622033062,0.6943334455163085
Trevor Williams,2023,WSN,144.1,5.55,5.98,-0.2,train,5.237095944208178,5.316060053539407,5.4595537,0.26593676835431684,0.41893031304418854,0.551787767292649
Austin Gomber,2023,COL,139.0,5.5,5.43,0.9,train,5.2856178783456205,5.593327262886232,5.5058236,0.18792907964297836,0.061030757488586065,0.48423954307319306
Michael Kopech,2023,CHW,126.2,5.12,6.44,-0.9,test,5.312247801748477,4.746434101986828,4.446238,0.13644332002437065,1.0068056836979755,1.4380324464276286
Patrick Corbin,2023,WSN,180.0,5.2,5.28,0.8,train,5.3541069773946095,5.34245172706257,5.3794107,0.11797872935769878,0.4810119577433979,0.7969622111709171
Ken Waldichuk,2023,OAK,103.0,5.33,5.86,-0.5,test,5.313473917841268,4.808914370658723,5.1009083,0.11007580171958575,0.7644327824760087,0.6702145061585142
Adam Wainwright,2023,STL,101.0,7.4,5.99,-0.4,test,5.549419820283424,5.379315096229948,5.6170096,-0.13443075626701154,0.23675834654726285,0.2680130956413513
Luke Weaver,2023,3 Tms,114.0,6.47,5.84,0.3,test,5.7870358522563325,5.208811216889863,5.5513706,-0.4272353351879255,0.44025844945179826,0.3583786482483478
Chris Sale,2024,ATL,177.2,2.38,2.09,6.4,train,1.9050904616650728,2.3838439897129104,2.3263447,6.332022374184703,5.14038126218284,4.823831067290544
Tarik Skubal,2024,DET,192.0,2.39,2.49,6.0,train,2.1911782263614654,2.4836932387157105,2.489778,6.302226549405876,5.399058366985482,4.992439473573632
Zack Wheeler,2024,PHI,200.0,2.57,3.13,5.4,train,2.791450627085621,2.635959300775862,2.6599233,5.343801726156115,5.3529338078704365,4.946388344864742
Cole Ragans,2024,KCR,186.1,3.14,2.99,4.9,train,2.729202596363698,2.995851008983745,3.0787528,5.090226562775191,4.3847060922191705,4.020663752946596
Dylan Cease,2024,SDP,189.1,3.47,3.1,4.7,train,2.8871924514281613,3.3338435166840226,3.370783,4.868429348736816,3.8864425682407857,3.673170056335979
Logan Gilbert,2024,SEA,208.2,3.23,3.27,4.0,test,3.1288007986115023,3.600741406679426,3.250673,4.848557198648511,3.7843409133147996,4.230885558439029
Seth Lugo,2024,KCR,206.2,3.0,3.25,4.7,train,3.141678087609682,3.005130451268785,2.8419962,4.774975465337328,4.8412499259909625,4.819417756569901
George Kirby,2024,SEA,191.0,3.53,3.26,4.1,train,3.0537871623310826,3.4225531992157516,3.523576,4.593723282519129,3.774665591699288,3.492185636263213
Logan Webb,2024,SFG,204.2,3.47,2.95,4.4,train,3.2506792605466703,3.346264406742349,3.3479173,4.502285404451685,4.174204722989229,4.001341121776301
Corbin Burnes,2024,BAL,194.1,2.92,3.55,3.8,test,3.152701842319611,3.413038651577329,3.4679735,4.473013653076166,3.852369220838239,3.629444259993795
Paul Skenes,2024,PIT,133.0,1.96,2.44,4.3,train,2.148867948505643,2.2353436946582925,2.0593333,4.4228371322194135,4.034000190483628,3.885740892214447
Cristopher Sánchez,2024,PHI,181.2,3.32,3.0,4.7,train,3.125189673183142,3.358413943166847,3.2917929,4.226436712088717,3.684447489308342,3.626581277478512
Max Fried,2024,ATL,174.1,3.25,3.33,3.4,train,3.1000073198861653,3.3062731341121205,3.2202919,4.105421419433967,3.6208860453082203,3.5774224601023206
Hunter Greene,2024,CIN,150.1,2.75,3.47,3.7,test,2.8064196527793213,2.6331162554945116,2.9040036,3.9876715342474216,4.021175543515747,3.4387275179474672
Garrett Crochet,2024,CHW,146.0,3.58,2.69,4.6,train,2.756699175837909,3.489340605503926,3.5098188,3.9525775949539717,2.798546352565187,2.6844157643715776
Bailey Ober,2024,MIN,178.2,3.98,3.82,3.0,train,3.2451321064316243,3.7717616071877136,3.8646195,3.9390803311908766,2.9677604436739173,2.804400848090696
Tanner Houck,2024,BOS,178.2,3.12,3.32,3.9,train,3.274372745326483,3.1777973104069117,3.1557302,3.8860849392623993,3.909955747688816,3.7475679286272428
Blake Snell,2024,SFG,104.0,3.12,2.43,3.1,train,1.7949209323484663,2.8938406666666507,3.0331757,3.8328412711416022,2.5447850265630265,2.2822951771875664
Michael King,2024,SDP,170.1,2.85,3.27,4.0,train,3.2347184198779244,2.8757252431850957,2.8698206,3.778046976041071,4.189621656834165,3.940331815300932
Tyler Glasnow,2024,LAD,134.0,3.49,2.9,3.9,train,2.777480800875308,3.3535899530936426,3.4268231,3.599385946930688,2.7304559743826067,2.5468141393670582
Bryce Miller,2024,SEA,180.1,2.94,3.58,2.7,train,3.4603979593376595,3.182192538666864,3.0750947,3.5867743916596404,3.9445979770553055,3.895953499956299
Justin Steele,2024,CHC,134.2,3.07,3.23,3.0,train,2.8662435855964734,3.020439257785755,3.0613291,3.483607169659642,3.132515760649925,2.916829680354252
Shota Imanaga,2024,CHC,173.1,2.91,3.72,3.1,test,3.4589728402965543,3.740526612728186,3.9393609,3.449875118470984,2.9309540438722466,2.6275438868097125
Michael Wacha,2024,KCR,166.2,3.35,3.65,3.3,test,3.4355794609712325,3.218857625223786,3.5717812,3.3519012431440576,3.585911874874781,2.9789327028987493
Sean Manaea,2024,NYM,181.2,3.47,3.83,2.8,train,3.611385377873864,3.553039520717506,3.555746,3.3304267007155324,3.3705188027351856,3.2694830570961875
Brandon Pfaadt,2024,ARI,181.2,4.71,3.61,3.1,test,3.6119478461653642,3.743785062555388,3.5087962,3.329390127962211,3.0628485665183405,3.3330008023352153
Hunter Brown,2024,HOU,165.0,3.55,3.6,3.1,train,3.437632241243154,3.643336530396049,3.5716348,3.32425494294433,2.9365545598247063,2.9576045047284483
Tanner Bibee,2024,CLE,173.2,3.47,3.56,3.3,train,3.536546655692054,3.4051335379599603,3.5086787,3.3152190719883596,3.449747658588701,3.186000446882562
Yusei Kikuchi,2024,2 Tms,175.2,4.05,3.46,3.6,train,3.607726469214426,3.800564304006546,3.8791766,3.2266673950374223,2.8728781050033483,2.738146728190188
Sonny Gray,2024,STL,166.1,3.84,3.12,3.8,test,3.5088487946447104,3.5149360219060934,3.7405381,3.226108745578549,3.1459810087932087,2.7678573608912456
Erick Fedde,2024,2 Tms,177.1,3.3,3.86,3.4,test,3.6308783896123122,3.612626714057208,3.6724994,3.2199585368576056,3.2003156389088163,3.041124906846086
Pablo López,2024,MIN,185.1,4.08,3.65,3.2,train,3.7203704912728757,4.040917123904764,4.110103,3.1969365149688658,2.639184984744702,2.573729653276427
Framber Valdez,2024,HOU,176.1,2.91,3.25,3.7,train,3.668977732650136,3.1685426264838665,2.9756591,3.1335398791045845,3.8783863702891996,3.9401633759785435
Zac Gallen,2024,ARI,148.0,3.65,3.38,2.8,train,3.410613356351363,3.5413072215582972,3.6170883,3.0224258097767382,2.7684191117265393,2.602655215925426
Luis Severino,2024,NYM,182.0,3.91,4.21,2.1,train,3.7863219791207428,3.9263707498558884,3.9250124,3.021316569670106,2.780562328297728,2.7821375967260304
Kevin Gausman,2024,TOR,181.0,3.83,3.77,3.0,train,3.788268863262621,3.6385231826781177,3.8074522,3.001131976772183,3.2290666674869626,2.9257208889023323
Joe Ryan,2024,MIN,135.0,3.6,3.44,3.1,train,3.272664600503872,3.5917311531393716,3.605701,2.9463490613333967,2.46465124480038,2.385521416035201
Reynaldo López,2024,ATL,134.2,2.0,2.94,3.5,train,3.2837651959188987,2.4897277947069347,2.1246274,2.9137381786611085,3.766507909020384,3.8553775001984136
Freddy Peralta,2024,MIL,173.2,3.68,4.16,2.3,test,3.768231818711034,4.4388067067865284,4.415192,2.9070973959511273,1.856057002288612,2.0137384461916423
Zach Eflin,2024,2 Tms,165.1,3.59,3.77,2.8,train,3.7148365119692395,3.6645958260879428,3.6244206,2.8608008799916833,2.9070901307271106,2.894329011249497
Bryan Woo,2024,SEA,121.1,2.89,3.4,2.2,train,3.0980617327230213,3.218239159609743,2.981709,2.858034043839208,2.6135062222248933,2.704091457188236
Luis Castillo,2024,SEA,175.1,3.64,3.91,2.3,test,3.8366866212852617,3.8700310173485133,3.701195,2.817079790584862,2.762961439421563,2.969266420409688
Jack Flaherty,2024,2 Tms,162.0,3.17,3.48,3.3,train,3.7382166321974566,3.4637300884225577,3.1946146,2.7685633671923124,3.142168655493813,3.3598479859586696
Ranger Suarez,2024,PHI,150.2,3.46,3.37,3.4,train,3.6080794994172702,3.4075537487683216,3.4187093,2.7657018178000987,2.9884043835862393,2.863811698881918
Luis Gil,2024,NYY,151.2,3.5,4.14,2.1,train,3.6445955535472505,3.685879726469895,3.5961683,2.727961474293292,2.633691359139848,2.6825454116180056
Carlos Rodón,2024,NYY,175.0,3.96,4.39,1.6,train,3.8873348866624866,4.068841963466842,3.9693115,2.725325009183448,2.451676352879203,2.6172513413308733
Reese Olson,2024,DET,112.1,3.53,3.17,2.5,train,3.061096899395629,3.3080155550028785,3.3373022,2.6877727508675875,2.329687611622357,2.205507117162821
Andre Pallante,2024,STL,111.1,3.56,3.62,1.9,train,3.0637355774412818,3.642754963322818,3.5825572,2.660814624363238,1.9778552277513939,1.9823935380672302
MacKenzie Gore,2024,WSN,166.1,3.9,3.53,3.2,test,3.848763446608353,3.5582227905420547,4.1164384,2.6518824599888884,3.0819783973242676,2.30168683127788
Nathan Eovaldi,2024,TEX,170.2,3.8,3.83,2.6,test,3.9052588621870488,3.7245457661641437,3.5335112,2.6195464044367043,2.906062915049304,3.0992596545067252
Ronel Blanco,2024,HOU,165.1,2.83,4.2,2.1,test,3.8674857179635174,4.015168243794056,3.834032,2.6044792984789944,2.391864200127437,2.635945645493796
Matt Waldron,2024,SDP,142.2,4.79,4.11,1.9,train,3.6294635135756366,4.3316974007081885,4.478874,2.5874675166072425,1.659434074343447,1.5857005047182324
JP Sears,2024,OAK,180.2,4.38,4.71,1.2,train,4.028401628824162,4.335650835696702,4.391664,2.5477689347814367,2.096541754833236,2.1267802391675565
Jameson Taillon,2024,CHC,165.1,3.27,3.92,2.3,train,3.9091492447904788,3.6375700198257386,3.4738812,2.5345198052859317,2.9468091601726147,3.079895604671363
Kutter Crawford,2024,BOS,183.2,4.36,4.65,1.8,train,4.061272675865318,4.263207292777004,4.373219,2.5289379409099926,2.249585629417544,2.1874166414802123
Aaron Nola,2024,PHI,199.1,3.57,3.94,3.1,train,4.199678182241679,3.9247250291892133,3.6054344,2.468160901364042,3.0447297218360436,3.5185985630457663
Nestor Cortes,2024,NYY,170.0,3.86,3.87,2.8,test,4.011097107997458,3.7541706465375433,3.8973494,2.4334749416974413,2.857817035452608,2.6338115534800495
Spencer Schwellenbach,2024,ATL,123.2,3.35,3.29,2.7,test,3.4979076090655576,3.4315641910637713,3.316111,2.406584767123171,2.4248758616091672,2.4433861213050956
Ryan Feltner,2024,COL,162.1,4.49,4.16,2.5,train,3.9846066491717567,4.149837538362564,4.3277617,2.3640632334792477,2.154078971573089,1.9904977462306284
Ryan Pepiot,2024,TBR,130.0,3.6,3.95,1.9,train,3.6554209953828565,3.685075702423249,3.6318474,2.331156460147726,2.265347607249557,2.271790735693031
José Soriano,2024,LAA,107.0,3.36,3.54,2.0,train,3.3245491373064118,3.519289527864162,3.4267163,2.278791269160069,2.0224636475381557,2.0337354268883647
Nick Pivetta,2024,BOS,139.2,4.19,4.15,1.8,train,3.820993767301614,4.098176405414516,4.184742,2.261723000145209,1.9137846287305418,1.857939138348029
Chris Bassitt,2024,TOR,171.0,4.16,4.08,2.3,train,4.128511497402806,4.0280759610948795,4.287152,2.243587032751255,2.457691657568549,2.151632539017897
Mitchell Parker,2024,WSN,151.0,4.29,3.85,2.4,train,3.958107794985562,3.937265090024206,4.103983,2.242876663228992,2.2923063652312297,2.106484910646587
Dean Kremer,2024,BAL,129.2,4.1,4.32,1.4,train,3.713493305673744,4.002619279446255,3.9683046,2.240501986240347,1.8862003021736866,1.9332505152763768
Gavin Stone,2024,LAD,140.1,3.53,4.01,2.1,train,3.852206994620726,3.674488521021139,3.5764656,2.2318707581026835,2.4545512609706384,2.5062219372045758
Jose Quintana,2024,NYM,170.1,3.75,4.56,1.1,train,4.139611531437443,3.9929391769977833,3.9364967,2.212575543175587,2.4979598177309548,2.585643326235246
Nick Lodolo,2024,CIN,115.1,4.76,3.95,2.0,train,3.5449302872696764,4.154015854241329,4.323296,2.1933135727090547,1.5252346250480688,1.4172014797969663
David Peterson,2024,NYM,121.0,2.9,3.67,1.9,train,3.651900791135925,3.20527364247816,3.0997727,2.1741007883653545,2.62531331383747,2.595197857168933
Tyler Anderson,2024,LAA,179.1,3.81,4.66,1.5,train,4.246503400188818,4.044367204013757,3.888536,2.1349350273515926,2.5481355958260283,2.7865832378479913
Andrew Heaney,2024,TEX,157.2,4.34,4.05,2.2,train,4.087613573900221,4.056174799141284,4.224838,2.1279135172651826,2.220031602892977,2.051129659861299
Mitch Keller,2024,PIT,178.0,4.25,4.08,2.2,train,4.24664671371179,4.034343932203183,4.0797386,2.1215631920109943,2.548367303224897,2.515361658455102
Jake Irvin,2024,WSN,187.2,4.41,4.41,1.8,train,4.330689164884969,4.418916126921665,4.4499903,2.0712066585495523,2.0392303273659587,2.1278750183081
Zack Littell,2024,TBR,156.1,3.63,3.88,2.3,train,4.168874319375644,3.772479345439097,3.641088,1.9840123842701776,2.5987075186344204,2.717126632396619
Simeon Woods Richardson,2024,MIN,133.2,4.17,4.12,1.8,train,3.956433709480252,3.987905073467145,4.1594477,1.9807524876400646,1.9620433227970315,1.8030108549236556
Grayson Rodriguez,2024,BAL,116.2,3.86,3.66,2.0,test,3.747693344409103,3.881446330942299,3.7393665,1.9746463442370055,1.8217509055744077,1.9373501316367918
Taj Bradley,2024,TBR,138.0,4.11,4.09,1.5,train,4.0436511377441064,4.063115928325409,4.083343,1.9297184143141968,1.9403559827256296,1.9463980684547884
Ryne Nelson,2024,ARI,137.2,4.58,3.83,2.0,train,4.096377657649125,4.168259845032906,4.3152175,1.8449572339492422,1.8006939019663095,1.6975894604711566
Mitch Spence,2024,OAK,126.0,4.64,4.37,1.1,train,4.002914911250338,4.560910459976913,4.5035634,1.8141197446922912,1.2132960353710704,1.3818247782716087
Ben Lively,2024,CLE,151.0,3.81,4.66,0.8,train,4.237888867316619,4.045038349769788,3.9105847,1.8132029067169941,2.1474422355802343,2.324522817886035
Spencer Arrighetti,2024,HOU,142.2,4.61,4.17,1.7,train,4.184153113487545,4.484287397019623,4.5736895,1.785248097353073,1.466282365728344,1.4850350738961566
Tobias Myers,2024,MIL,133.0,3.11,4.05,1.9,train,4.104104021372485,3.614996582783537,3.4762201,1.7780276506301433,2.4005933473530665,2.478756293094072
Javier Assad,2024,CHC,147.0,3.73,4.64,1.0,train,4.2309811805150765,3.9082201912128625,3.773829,1.775498501697383,2.269589712122514,2.4130407463202523
Kyle Gibson,2024,STL,169.2,4.24,4.42,1.4,test,4.387097477666236,4.6346936511820385,4.456867,1.7749817273604762,1.518153407501208,1.9145840777540837
Brady Singer,2024,KCR,179.2,3.71,3.93,2.5,test,4.449398641782097,4.089643115574052,4.215225,1.766338547804253,2.4773349114829917,2.3510445738456256
Jared Jones,2024,PIT,121.2,4.14,4.0,1.8,train,4.00210204872854,4.0271579957415975,4.015293,1.7460124108172008,1.7429332389200158,1.7710242706980124
Charlie Morton,2024,ATL,165.1,4.19,4.46,1.1,train,4.409206544150886,4.262082276778941,4.247296,1.694846405190889,2.0289819367275768,2.1265244836235557
Brayan Bello,2024,BOS,162.1,4.49,4.19,2.0,train,4.419142084360663,4.529711013457234,4.5974813,1.647669524018692,1.605934699904152,1.664061729936784
Miles Mikolas,2024,STL,171.2,5.35,4.24,1.9,train,4.473197774718153,5.010498702546047,5.179973,1.6460452266105392,0.9633825454348818,1.0129251763879827
Andrew Abbott,2024,CIN,138.0,3.72,5.04,1.0,train,4.28749492061021,4.017046224864261,3.8648224,1.587475610932343,1.9969495928444503,2.171549181990782
Kyle Harrison,2024,SFG,124.1,4.56,4.33,0.8,train,4.16273029192135,4.299991193515557,4.350515,1.5850509625557945,1.483238029422986,1.5027966251006213
Marcus Stroman,2024,NYY,151.2,4.33,4.6,0.9,train,4.438365674098053,4.428174262407499,4.280612,1.507314471056119,1.6346097832334232,1.9098789250923296
José Berríos,2024,TOR,192.1,3.6,4.72,1.1,test,4.647196522573468,4.763990511986253,4.774254,1.5070419444597583,1.5025247800738442,1.7184921616371902
Alec Marsh,2024,KCR,128.0,4.57,4.36,1.3,train,4.284247265082302,4.345151412084575,4.3996944,1.4766690344212527,1.4783943260061283,1.5030239981331013
Bailey Falter,2024,PIT,142.1,4.43,4.3,1.7,train,4.5036937988426615,4.38431784828156,4.39608,1.3221821610628042,1.5917058460249622,1.6724262254044142
Chris Flexen,2024,CHW,147.1,5.13,4.9,1.2,train,4.540420136300743,4.741583418360107,5.061341,1.3137593914146206,1.179894595228631,1.0006268018794773
Aaron Civale,2024,2 Tms,161.0,4.36,4.74,0.9,train,4.653380572318163,4.521693042676033,4.54937,1.2529335158707222,1.6065280753482938,1.7106026550937377
Lance Lynn,2024,STL,117.1,3.84,4.31,1.3,test,4.3797203830842815,3.9035153481811498,4.198847,1.2372159159920841,1.8128563530912283,1.5506327706947034
Patrick Corbin,2024,WSN,174.2,5.62,4.41,1.7,train,4.7242668789626245,5.491205230096054,5.6384716,1.2300687917261028,0.23484420673089157,0.434342373646255
Trevor Rogers,2024,2 Tms,124.1,4.92,4.52,0.9,train,4.449532150238679,4.8111453892992655,4.9091663,1.2230603621636167,0.9185655695968437,0.985171610100699
Albert Suárez,2024,BAL,122.0,3.76,4.25,1.5,train,4.511225458227054,3.970141849469251,3.8577008,1.1258145957585783,1.8163576971769353,1.9262622711378463
Frankie Montas,2024,2 Tms,150.2,4.84,4.71,1.3,test,4.684534559502241,4.7754490926918205,4.870875,1.1212945507932688,1.1594802137415015,1.2353084670751684
Austin Gomber,2024,COL,165.0,4.75,4.83,1.3,train,4.795419260398676,4.749213581016443,4.8162823,1.0457018757596197,1.3122641313090424,1.4242842849567652
Joey Estes,2024,OAK,125.0,5.11,4.93,0.7,train,4.6057015842619515,4.880128595071586,5.0145345,1.0333895363870544,0.8484687404646504,0.8939781762099852
Michael Lorenzen,2024,2 Tms,124.1,3.4,5.04,0.5,train,4.618156711982685,3.758001182721189,3.39519,1.0102287344164802,2.0819748394128132,2.3879640438782745
Martín Pérez,2024,2 Tms,135.0,4.53,4.9,0.5,train,4.766729639797486,4.75195664882856,4.682824,0.8949657262410954,1.0703742278230077,1.2998418072310327
Jonathan Cannon,2024,CHW,115.1,4.53,4.85,0.8,test,4.681541359581175,4.2467354438299765,4.367193,0.8627649273413214,1.4302354750260522,1.379477785735803
Colin Rea,2024,MIL,148.1,4.61,5.01,0.5,train,4.862588693745003,4.6735409286715575,4.6326666,0.8374223333322545,1.2776188767916343,1.4814363962966304
Carlos Carrasco,2024,CLE,103.2,5.64,4.93,0.1,train,4.622176868646749,5.117899639471124,5.3756332,0.8358739655914708,0.48206615814350556,0.4598356322204316
Jordan Montgomery,2024,ARI,104.0,6.4,4.49,0.6,train,4.658235444246789,5.674310124575307,6.1054907,0.8042131899388971,-0.029308743881719942,-0.10332678204874142
James Paxton,2024,2 Tms,100.1,4.4,4.79,0.8,train,4.662917463006034,4.550814095987477,4.3742924,0.7692885726038248,0.9728927613677736,1.194396522509184
Kyle Freeland,2024,COL,113.1,5.24,4.9,0.9,test,4.752987972787854,4.376207349069562,4.7573056,0.7655892562135065,1.2750334239721541,1.0260839615958959
Kyle Hendricks,2024,CHC,116.1,6.27,5.09,0.4,test,4.95968817726744,4.912264398434898,5.101915,0.541825384470601,0.7548458237172709,0.7545828246822583
Griffin Canning,2024,LAA,165.2,5.38,5.41,-0.1,train,5.192296054229464,5.18865354188006,5.2221694,0.3801483452751602,0.6676316435839695,0.9253795421134228
Cal Quantrill,2024,COL,148.1,4.98,5.32,0.5,test,5.253503563255283,5.010046178879109,5.1312413,0.2486047100379137,0.833990009386769,0.9301365506583154
Cristopher Sánchez,2025,PHI,202.0,2.5,2.55,6.4,train,2.4314564599764843,2.7370685805425103,2.6190577,6.136828643621199,5.224654186352263,5.057485103786104
Paul Skenes,2025,PIT,187.2,1.97,2.36,6.5,train,2.2352707646083223,2.235786594144687,2.0679853,6.060722085037115,5.677193048351764,5.457160640242742
Tarik Skubal,2025,DET,195.1,2.21,2.45,6.6,train,2.4328512700371263,2.389095062723235,2.2476828,5.924436618759867,5.650521343590257,5.425698326276209
Garrett Crochet,2025,BOS,205.1,2.59,2.89,5.8,train,2.890030009116657,2.845821577849044,2.7224379,5.274434490574448,5.106279996964873,4.97679098045046
Logan Webb,2025,SFG,207.0,3.22,2.6,5.5,train,2.968007132755207,3.044713910717678,3.1734428,5.159130455552138,4.787094133976955,4.325860415323404
Max Fried,2025,NYY,195.1,2.86,3.07,4.8,train,2.818545997686174,2.943519351335911,2.8146613,5.159114046142869,4.6876407969067,4.599800407707469
Yoshinobu Yamamoto,2025,LAD,173.2,2.49,2.94,5.0,train,2.646227502466439,2.761443932688706,2.5522072,4.8835480072025685,4.442171705584941,4.422865850757585
Hunter Brown,2025,HOU,185.1,2.43,3.14,4.6,train,2.9069981571681858,2.753142123434166,2.4486804,4.728162766754111,4.761057581059347,4.869820740431885
Jesús Luzardo,2025,PHI,183.2,3.92,2.9,5.3,train,2.8994560519602635,3.524823154253321,3.535125,4.693682250731701,3.45373599972417,3.3337759060037464
Ranger Suarez,2025,PHI,157.1,3.2,3.21,4.0,train,2.7989930021028178,3.076402108284597,3.0893009,4.185505123478835,3.588789230973753,3.3817505316025014
Freddy Peralta,2025,MIL,176.2,2.7,3.64,3.6,train,3.134167284428483,2.803470261921817,2.8539498,4.093724879003307,4.453197204848086,4.102515967449107
Carlos Rodón,2025,NYY,195.1,3.09,3.78,3.2,train,3.3883102290637543,3.3765595461021323,3.1725845,4.028547833840865,3.9355706079980957,4.078425952107061
Bryan Woo,2025,SEA,186.2,2.94,3.47,3.6,train,3.3996521022870043,3.3447478706639697,3.1084096,3.823296320132892,3.8087669312235675,3.9815947653280963
Joe Ryan,2025,MIN,166.0,3.36,3.69,3.2,train,3.1905183184979116,3.4834922746015224,3.433504,3.7616063176029746,3.190550839925111,3.1467281885099845
Matthew Boyd,2025,CHC,179.2,3.21,3.65,3.4,train,3.358966502415358,3.211712735386128,3.1684697,3.753715275188765,3.8777957802705596,3.751553318569274
Nathan Eovaldi,2025,TEX,130.0,1.73,2.8,3.7,test,2.6664762907714517,3.0340067205309964,2.5741549,3.6387082898090664,3.0187782040376967,3.2984003683030565
Framber Valdez,2025,HOU,192.0,3.66,3.37,4.0,train,3.6052455238356034,3.6394936940326432,3.7138777,3.5409185028406336,3.423649561808919,3.237668088056484
Zack Wheeler,2025,PHI,149.2,2.71,3.0,4.0,test,3.1087260287478564,3.372802628955568,3.3210607,3.505028764051192,3.014662340952078,2.953522144587564
Kevin Gausman,2025,TOR,193.0,3.59,3.41,4.1,train,3.6739155608062255,3.3911189797013903,3.434899,3.424567537761604,3.8681957510046243,3.656535266665233
Nick Pivetta,2025,SDP,181.2,2.87,3.49,3.7,train,3.5780587529675776,3.1780952383569785,2.9132135,3.3918443341360223,3.975299364369832,4.138755472118585
Chris Sale,2025,ATL,120.0,2.63,2.75,3.4,train,2.640153309852992,2.5558897094327344,2.564884,3.3909338896651726,3.2972909309502114,3.052983532037381
Michael Wacha,2025,KCR,172.2,3.86,3.66,3.6,test,3.598259152203698,3.54327971033868,3.4509053,3.187996969886621,3.2180694736888533,3.2418840477216317
Kris Bubic,2025,KCR,116.1,2.55,2.89,3.3,train,2.7807310608555724,2.7130756983192112,2.570497,3.114734549119294,3.027679263325288,2.9488959643184756
Robbie Ray,2025,SFG,182.1,3.65,3.93,2.2,train,3.765112434516629,3.7102061759536498,3.6650002,3.0622578422303994,3.13249274393344,3.137179850341114
Andrew Abbott,2025,CIN,166.1,2.87,3.66,3.9,train,3.610938950492028,3.0465181460852158,2.942963,3.0536453032149486,3.8385706442866745,3.7569656456685503
Tanner Bibee,2025,CLE,182.1,4.24,4.34,1.9,train,3.7767799433779636,4.1553429981311885,4.0665483,3.04064899315132,2.410926243805777,2.5912333096213724
Dylan Cease,2025,SDP,168.0,4.55,3.56,3.4,train,3.66043996027011,4.273137340599353,4.564823,3.003995776558156,2.0480885452771838,1.7655930965102773
Luis Castillo,2025,SEA,180.2,3.54,3.88,2.6,train,3.7912201181236567,3.5697811115898404,3.5127463,2.9824584536124963,3.3250627519797105,3.3092921957272083
Trevor Rogers,2025,BAL,109.2,1.81,2.82,3.3,test,2.7373705856361044,2.8464863263341367,2.9073737,2.977778214857326,2.7180557988316685,2.498978167866051
Dean Kremer,2025,BAL,163.1,4.19,3.92,2.6,train,3.643840096619689,4.072221397408251,4.010914,2.9439153078899083,2.2800558720137873,2.3886171504893543
Nick Lodolo,2025,CIN,155.2,3.3,3.78,2.8,train,3.5587489055077928,3.610095692039187,3.3883557,2.9356357937526822,2.808064685552758,2.99431751514879
Sonny Gray,2025,STL,180.2,4.28,3.39,3.6,train,3.8170644383145014,4.082036098236999,4.199218,2.935092809152714,2.5033616360060846,2.385700922728509
Merrill Kelly,2025,2 Tms,184.0,3.52,3.76,3.1,train,3.8521610796816335,3.6708268523010923,3.6456738,2.9313080475963362,3.2296765226554647,3.196463126688147
Jacob deGrom,2025,TEX,172.2,2.97,3.64,3.4,train,3.754481356978242,3.4538379019296896,3.0797687,2.914394848134421,3.355172365144064,3.7190501179494997
David Peterson,2025,NYM,168.2,4.22,3.48,3.1,train,3.7416932669323986,3.905223506614747,4.1127596,2.8685733106488613,2.6013915241908427,2.3354069471208954
Quinn Priester,2025,MIL,130.2,2.96,3.69,2.2,train,3.29478809306411,3.246324916433491,3.0747948,2.8122939905442887,2.777345437793194,2.81679986904569
Logan Gilbert,2025,SEA,131.0,3.44,3.35,2.6,train,3.391548350506386,3.3670647986739732,3.400299,2.7006563346000325,2.653613041822596,2.515738539701132
Chris Bassitt,2025,TOR,169.1,3.99,4.03,2.4,train,3.9087574436546726,3.9994490508436416,4.1426315,2.5965993279769495,2.473475409715846,2.310188571899813
Drew Rasmussen,2025,TBR,150.0,2.76,3.84,2.5,train,3.7535789533450616,3.2863248183860603,3.0528193,2.540048158875852,3.146296663682208,3.269772346384232
Brady Singer,2025,CIN,169.2,4.03,3.98,2.9,train,3.943356609292353,3.8850639930750397,3.9362214,2.5385947719770883,2.64722118841219,2.5723105501295516
Justin Verlander,2025,SFG,152.0,3.85,3.85,2.2,train,3.8062900520297376,3.584011374390075,3.7258482,2.49242830285783,2.7854600449619826,2.54956891840792
Cade Horton,2025,CHC,114.0,2.53,3.55,2.2,train,3.276715264868959,2.845871142884099,2.6169746,2.4833315926128607,2.8381550632669477,2.8559972709561574
Clay Holmes,2025,NYM,161.0,3.63,4.17,1.8,train,3.9072202771276547,3.9080986514074083,3.687318,2.4747375723973475,2.4859153009062522,2.746845984348192
Logan Allen,2025,CLE,155.2,4.28,4.41,1.7,train,3.873212815919036,4.073208336827632,4.0910406,2.4392651613858773,2.16825435011784,2.1800729441406506
Brayan Bello,2025,BOS,161.2,3.34,4.12,2.0,train,3.9373181548460625,3.636210702291531,3.3833847,2.428466631868277,2.8791500528962515,3.1160601403768666
Mitch Keller,2025,PIT,176.1,4.19,4.02,2.5,train,4.0719998054844755,4.054331223460041,4.2290287,2.4117151784268898,2.4898337686753584,2.2922246914323474
Shane Baz,2025,TBR,166.1,4.87,4.37,2.0,train,4.013379844600147,4.500478251380667,4.7547135,2.3737918798391164,1.6887856951450424,1.5101336243070234
Jack Leiter,2025,TEX,151.2,3.86,4.15,2.3,train,3.910997878223613,3.7977647627135385,3.901557,2.318292237756684,2.4831011649261012,2.337793021949979
MacKenzie Gore,2025,WSN,159.2,4.17,3.74,2.9,train,4.023602704372268,4.061862837609442,4.1738663,2.2586292956348326,2.2402154735050677,2.1378115703277456
Hunter Greene,2025,CIN,107.2,2.76,3.27,2.9,train,3.3507770795430334,3.016703165374739,2.7769372,2.2544548720730715,2.505843076869857,2.557608304492279
Casey Mize,2025,DET,149.0,3.87,3.89,2.4,train,3.94758578629678,3.8094782987969884,3.8903623,2.229114832655366,2.4314351009255355,2.3162313040867857
Yusei Kikuchi,2025,LAA,178.1,3.99,4.23,2.5,train,4.209325937539314,3.9989235121986844,4.01621,2.190356862463791,2.6059542404691376,2.60125116880339
Luis Severino,2025,ATH,162.2,4.54,4.11,2.5,train,4.10516391283008,4.280483925956515,4.3489275,2.1666431556629386,1.9667733184438867,1.9660933027741034
Jack Flaherty,2025,DET,161.0,4.64,3.85,2.5,test,4.1120381291479235,4.125607571034926,4.356588,2.1393575152428164,2.174187279778345,1.9423393109202587
José Soriano,2025,LAA,169.0,4.26,3.73,3.0,train,4.177404529209136,4.241071373608419,4.18839,2.133307955431083,2.1085191755271624,2.251084817376876
Kodai Senga,2025,NYM,113.1,3.02,4.12,1.4,train,3.597933102982311,3.3692347538770475,3.0792952,2.0942336871488347,2.2888354426030406,2.443051222479521
Clayton Kershaw,2025,LAD,111.2,3.39,3.56,2.5,train,3.5745177427444554,3.5172620567548547,3.3153846,2.0855339450213704,2.1038570016965954,2.2059971090650734
Adrian Houser,2025,2 Tms,125.0,3.31,3.81,2.3,train,3.7856720816895892,3.6589364990902555,3.4739568,2.075906286686841,2.207304267494695,2.3317704728111064
Taj Bradley,2025,2 Tms,142.2,5.05,4.35,1.8,test,3.9841053170606235,4.094452671508325,4.1197934,2.0745670734041255,1.9597435698057477,1.966936866675323
George Kirby,2025,SEA,126.0,4.21,3.37,2.4,train,3.806027812220937,3.9419113353784843,4.056862,2.0664279394539475,1.9075741497713812,1.8020581407166596
Edward Cabrera,2025,MIA,137.2,3.53,3.83,2.0,train,3.976797925931714,3.8175672698175283,3.6614873,2.0118183857953107,2.2289993295429507,2.367250720198093
Kyle Hendricks,2025,LAA,164.2,4.76,4.6,1.8,test,4.218964721907257,4.572708147712402,4.96427,2.0033114012464486,1.5638923836418013,1.2359517399196345
Shane Smith,2025,CHW,146.1,3.81,4.1,2.2,train,4.106903738079324,3.7823449011534045,3.8448424,1.9489965507661533,2.4193998874073466,2.3208041940739634
Zac Gallen,2025,ARI,192.0,4.83,4.5,1.1,train,4.428852896188407,4.603032567769391,4.6610045,1.9326261191962517,1.7768400571461505,1.879942725796959
Ryan Pepiot,2025,TBR,167.2,3.86,4.36,2.0,train,4.2900201348580165,4.165690071760268,4.0512347,1.9190820890988998,2.1982563937610227,2.398327247648383
Lucas Giolito,2025,BOS,145.0,3.41,4.17,2.0,train,4.1387846099341505,3.8021576762723974,3.6638424,1.8873068069427132,2.375610742025741,2.4992823846562353
Ryne Nelson,2025,ARI,128.0,3.16,3.91,1.7,train,4.046470009762912,3.4978892941599486,3.3061755,1.7862140608267292,2.4437795649208662,2.5480782544627307
Will Warren,2025,NYY,162.1,4.44,4.07,2.1,train,4.34172545686259,4.282579577236385,4.4405627,1.7753018882772256,1.9625368055921475,1.85397695405166
Nick Martinez,2025,CIN,145.0,4.72,4.32,2.0,train,4.22798571106327,4.370063716707559,4.6454988,1.7557595583797387,1.642588106761923,1.4365350793650198
Spencer Schwellenbach,2025,ATL,110.2,3.09,3.25,2.4,train,3.866633913513126,3.386556649061076,3.2285113,1.7393775831793699,2.2131551431780143,2.257636681735843
Sandy Alcantara,2025,MIA,174.2,5.36,4.28,1.7,train,4.460764146820253,5.097105091405167,5.1027207,1.696918212550225,0.8459658062359744,1.1311510965775908
Gavin Williams,2025,CLE,167.2,3.06,4.39,1.4,train,4.425935237969859,3.645463510299778,3.196376,1.6879567596872533,2.9725429002209633,3.4654960567153292
Stephen Kolek,2025,2 Tms,112.2,3.51,3.82,1.7,train,3.959125582371956,3.8920803556998482,3.5878878,1.665399904037236,1.7484190796825918,1.9975557137556934
Colin Rea,2025,CHC,143.1,4.33,4.29,1.6,test,4.274613742923682,4.119736040777518,4.08705,1.6648904890132787,1.9399402175072515,2.0143696090648406
Matthew Liberatore,2025,STL,151.2,4.21,4.03,1.8,train,4.340040142191047,4.215164796926906,4.146793,1.6585179023224725,1.9213070740689633,2.0609469157582874
Chad Patrick,2025,MIL,115.2,3.5,3.5,2.5,train,4.014396621920001,3.421571904539278,3.4005609,1.6451712780908097,2.27766323711282,2.2120884228325024
José Berríos,2025,TOR,164.0,4.06,4.59,1.4,train,4.43699143352856,4.378897547664666,4.199949,1.6372100001513705,1.8449274689173307,2.1703310716132393
Landen Roupp,2025,SFG,106.2,3.8,3.91,1.1,train,3.9306243991260432,3.8246773732385875,3.7977846,1.6071255044111405,1.7186408444879755,1.7243040645635173
Noah Cameron,2025,KCR,138.1,2.99,4.18,1.8,train,4.280731296654539,3.581185288557942,3.4308345,1.5981258041648678,2.5342112308557496,2.6206029461450124
Kyle Freeland,2025,COL,162.2,4.98,4.18,2.5,train,4.4962800521623585,4.780466424249738,4.931083,1.5214345691755484,1.2448708156422383,1.261087723901835
Eduardo Rodriguez,2025,ARI,154.1,5.02,4.57,1.3,train,4.454355904733193,4.6571425876789245,4.821054,1.5111634576223865,1.351873716958155,1.3247051155312208
Randy Vásquez,2025,SDP,129.0,3.7,4.96,0.7,test,4.269771611769881,4.350563351383724,4.09996,1.5071975433130613,1.4837296481676787,1.8034546341929398
Simeon Woods Richardson,2025,MIN,107.0,3.95,4.45,1.2,test,4.037807197963069,4.09998123859704,4.225567,1.5025905921731717,1.469365378101407,1.395542693117779
Michael Lorenzen,2025,KCR,140.2,4.67,4.61,1.2,train,4.381866431667561,4.608582377475883,4.618675,1.4782180822276607,1.2905371533645271,1.4170588256527046
Zack Littell,2025,2 Tms,186.2,3.81,4.88,1.5,train,4.638295013087594,4.1491782993266915,3.9304757,1.477613164860739,2.475426458679141,2.8387455201705203
Bailey Ober,2025,MIN,146.1,5.1,4.9,1.2,train,4.443387508585964,4.800426686956933,4.9912925,1.4490104989309056,1.0953456395553978,1.0702345080154123
Shota Imanaga,2025,CHC,144.2,3.73,4.86,0.9,train,4.432242996623233,3.977325097502669,3.7922912,1.4465108531539037,2.1376546488314516,2.3472010665556406
Brandon Pfaadt,2025,ARI,176.2,5.25,4.22,1.7,train,4.657238467781344,4.949363659181507,5.2065997,1.364309360344327,1.0874077696823043,1.007479577040294
Jose Quintana,2025,MIL,131.2,3.96,4.81,0.8,train,4.441730350493632,4.332132084566209,4.104909,1.3034445152297673,1.5305594942951963,1.8293632318498725
Patrick Corbin,2025,TEX,154.1,4.32,4.26,1.8,train,4.590848045410854,4.220652087061384,4.229733,1.297242253291253,1.9506303403988612,2.0050489940727023
Miles Mikolas,2025,STL,156.1,4.84,5.03,0.3,train,4.603833439611743,4.911020239459117,4.779576,1.2934627561182066,1.016642118528603,1.3902399458606705
Grant Holmes,2025,ATL,114.0,4.03,4.44,0.8,train,4.318502399972941,4.164526095495929,4.0727887,1.2754415739130007,1.499992373301595,1.6168773873918296
Davis Martin,2025,CHW,136.2,4.28,4.73,1.1,train,4.507225873175112,4.629148753557914,4.488581,1.262392361826454,1.228782354773146,1.50892225656496
Jeffrey Springs,2025,ATH,158.1,4.09,4.76,1.5,train,4.741021609720132,4.189691662577118,4.0582514,1.089441807250722,2.0448356041060936,2.2595137155336835
Spencer Strider,2025,ATL,125.1,4.45,4.53,0.9,test,4.583745765406232,4.361188870661435,4.3562207,1.0621513653490344,1.427040100272454,1.5095767792398562
Andre Pallante,2025,STL,162.2,5.31,4.68,0.7,train,4.779862224650408,5.1751619330669065,5.2798305,1.0536204488572016,0.6749875164620714,0.8387458016699786
Bryce Elder,2025,ATL,156.1,5.3,4.55,0.9,test,4.785606377944878,5.0992394954419185,4.860724,1.00487647493872,0.7551010758765032,1.2956632668964767
Jameson Taillon,2025,CHC,129.2,3.68,4.65,1.1,train,4.653999131432992,4.071390577574908,3.9730735,1.004646884295442,1.8071064676095339,1.928650295524556
Dustin May,2025,2 Tms,124.2,5.2,4.95,0.7,test,4.670750824236971,4.69112745153708,4.973065,0.9446069621683865,1.0519965021153612,0.926711795601007
Cade Povich,2025,BAL,103.2,5.38,4.42,1.0,train,4.579435831038162,4.961007838537192,5.233657,0.8807348994111691,0.6261956451449644,0.569230833195142
JP Sears,2025,2 Tms,135.2,5.04,5.21,0.5,train,4.778865065716082,4.811543637870203,5.001911,0.8796047166530647,1.0002464494338204,0.9796692322012632
Chris Paddack,2025,2 Tms,145.1,5.14,4.95,0.8,train,4.832499218099003,5.18197860090152,5.147151,0.86486337474971,0.5950220300884913,0.8940593726505854
Taijuan Walker,2025,PHI,103.2,4.25,5.05,0.6,test,4.634259272170071,4.924056552691773,5.3483644,0.8231922916038994,0.6601411403285355,0.48084677379123614
Slade Cecconi,2025,CLE,132.0,4.3,4.64,0.7,train,4.853334667698858,4.4456750549796995,4.3484464,0.7588094955704655,1.406476431428612,1.6005007829137374
Tomoyuki Sugano,2025,BAL,157.0,4.64,5.36,0.1,train,4.9692024013059966,4.7411588261767585,4.707146,0.7175089367757366,1.2598962609653692,1.4831575608973362
Seth Lugo,2025,KCR,145.1,4.15,5.09,0.5,train,4.959879975342558,4.525362814176538,4.2784543,0.6768820136377519,1.4431309440616131,1.835164469172224
Charlie Morton,2025,3 Tms,125.2,6.09,4.97,0.4,train,4.90553649299974,5.369473475584093,5.8472896,0.6532481018198761,0.3044549983028827,0.11697028616803631
Erick Fedde,2025,2 Tms,120.2,5.52,5.13,0.0,train,4.917061288261582,5.194422317475617,5.494966,0.6130708841756077,0.4795982250048806,0.4284893381157714
Tyler Anderson,2025,LAA,136.1,4.56,5.6,0.1,train,5.03358978650029,4.615828641039591,4.648005,0.5328678162500595,1.2440177638779628,1.345814798054759
Bailey Falter,2025,2 Tms,121.1,4.15,5.01,0.4,train,5.090852264545618,4.554606374126502,4.3396792,0.40361142043214693,1.172908078257501,1.4762651302533623
Sean Burke,2025,CHW,104.0,4.59,5.45,0.2,train,5.0942103996968555,4.71098609564113,4.6692166,0.34306720430221416,0.8625141728369223,1.011925704127587
Cal Quantrill,2025,2 Tms,117.2,6.04,5.14,0.4,train,5.234895996224716,5.711711496959445,5.873395,0.21891508483927713,-0.07204876993482712,0.08665275539465389
Andrew Heaney,2025,PIT,117.0,4.85,5.23,0.1,train,5.25413772718282,5.193922990607835,5.139542,0.1956447749762669,0.46735026732820595,0.727562997335249
Germán Márquez,2025,COL,126.1,6.7,5.47,0.3,train,5.415820696230684,6.229262880647896,6.6671696,0.0035025795432339323,-0.6584736618662365,-0.654101117593316
Mitchell Parker,2025,WSN,158.1,5.85,5.07,0.7,test,5.439610003758686,5.300164178642241,5.642962,-0.03386085266945996,0.48200258033109084,0.388898861455141
Walker Buehler,2025,2 Tms,120.0,5.03,5.69,-0.4,train,5.461642100574588,5.0365464483017135,5.100983,-0.05259020702640775,0.6474438368649683,0.7807653604630123
Jake Irvin,2025,WSN,180.0,5.7,5.64,-0.4,train,5.44835436746788,5.627738776317232,5.651608,-0.05455952057342892,0.023894868585613648,0.4311495109210082
Antonio Senzatela,2025,COL,108.0,7.42,5.58,0.0,train,5.478087084813984,6.733464928571441,7.2542796,-0.06539463910651948,-1.048689924500276,-1.0336326255839399
Jack Kochanowicz,2025,LAA,111.0,6.81,6.05,-0.6,train,5.763972559191559,6.47455435409032,6.820524,-0.38995548563878757,-0.8219936216918589,-0.7028682150479689
